user005,user005,user005,user005@example.com
user006,user006,user006,user006@example.com
user007,user007,user007,user007@example.com
user008,user008,user008,user008@example.com
user009,user009,user009,user009@example.com
user010,user010,user010,user010@example.com
user011,user011,user011,user011@example.com
user012,user012,user012,user012@example.com
user013,user013,user013,user013@example.com
user014,user014,user014,user014@example.com
user015,user015,user015,user015@example.com
user016,user016,user016,user016@example.com
user017,user017,user017,user017@example.com
user018,user018,user018,user018@example.com
user019,user019,user019,user019@example.com
user020,user020,user020,user020@example.com
user021,user021,user021,user021@example.com
user022,user022,user022,user022@example.com
user023,user023,user023,user023@example.com
user024,user024,user024,user024@example.com
user025,user025,user025,user025@example.com
user026,user026,user026,user026@example.com
user027,user027,user027,user027@example.com
user028,user028,user028,user028@example.com
user029,user029,user029,user029@example.com
user030,user030,user030,user030@example.com
user031,user031,user031,user031@example.com
user032,user032,user032,user032@example.com
user033,user033,user033,user033@example.com
user034,user034,user034,user034@example.com
user035,user035,user035,user035@example.com
user036,user036,user036,user036@example.com
user037,user037,user037,user037@example.com
user038,user038,user038,user038@example.com
user039,user039,user039,user039@example.com
user040,user040,user040,user040@example.com
user041,user041,user041,user041@example.com
user042,user042,user042,user042@example.com
user043,user043,user043,user043@example.com
user044,user044,user044,user044@example.com
user045,user045,user045,user045@example.com
user046,user046,user046,user046@example.com
user047,user047,user047,user047@example.com
user048,user048,user048,user048@example.com
user049,user049,user049,user049@example.com
user050,user050,user050,user050@example.com
user051,user051,user051,user051@example.com
user052,user052,user052,user052@example.com
user053,user053,user053,user053@example.com
user054,user054,user054,user054@example.com
user055,user055,user055,user055@example.com
user056,user056,user056,user056@example.com
user057,user057,user057,user057@example.com
user058,user058,user058,user058@example.com
user059,user059,user059,user059@example.com
user060,user060,user060,user060@example.com
user061,user061,user061,user061@example.com
user062,user062,user062,user062@example.com
user063,user063,user063,user063@example.com
user064,user064,user064,user064@example.com
user065,user065,user065,user065@example.com
user066,user066,user066,user066@example.com
user067,user067,user067,user067@example.com
user068,user068,user068,user068@example.com
user069,user069,user069,user069@example.com
user070,user070,user070,user070@example.com
user071,user071,user071,user071@example.com
user072,user072,user072,user072@example.com
user073,user073,user073,user073@example.com
user074,user074,user074,user074@example.com
user075,user075,user075,user075@example.com
user076,user076,user076,user076@example.com
user077,user077,user077,user077@example.com
user078,user078,user078,user078@example.com
user079,user079,user079,user079@example.com
user080,user080,user080,user080@example.com
user081,user081,user081,user081@example.com
user082,user082,user082,user082@example.com
user083,user083,user083,user083@example.com
user084,user084,user084,user084@example.com
user085,user085,user085,user085@example.com
user086,user086,user086,user086@example.com
user087,user087,user087,user087@example.com
user088,user088,user088,user088@example.com
user089,user089,user089,user089@example.com
user090,user090,user090,user090@example.com
user091,user091,user091,user091@example.com
user092,user092,user092,user092@example.com
user093,user093,user093,user093@example.com
user094,user094,user094,user094@example.com
user095,user095,user095,user095@example.com
user096,user096,user096,user096@example.com
user097,user097,user097,user097@example.com
user098,user098,user098,user098@example.com
user099,user099,user099,user099@example.com
user100,user100,user100,user100@example.com
user101,user101,user101,user101@example.com
user102,user102,user102,user102@example.com
user103,user103,user103,user103@example.com
user104,user104,user104,user104@example.com
user105,user105,user105,user105@example.com
user106,user106,user106,user106@example.com
user107,user107,user107,user107@example.com
user108,user108,user108,user108@example.com
user109,user109,user109,user109@example.com
user110,user110,user110,user110@example.com
user111,user111,user111,user111@example.com
user112,user112,user112,user112@example.com
user113,user113,user113,user113@example.com
user114,user114,user114,user114@example.com
user115,user115,user115,user115@example.com
user116,user116,user116,user116@example.com
user117,user117,user117,user117@example.com
user118,user118,user118,user118@example.com
user119,user119,user119,user119@example.com
user120,user120,user120,user120@example.com
user121,user121,user121,user121@example.com
user122,user122,user122,user122@example.com
user123,user123,user123,user123@example.com
user124,user124,user124,user124@example.com
user125,user125,user125,user125@example.com
user126,user126,user126,user126@example.com
user127,user127,user127,user127@example.com
user128,user128,user128,user128@example.com
user129,user129,user129,user129@example.com
user130,user130,user130,user130@example.com
user131,user131,user131,user131@example.com
user132,user132,user132,user132@example.com
user133,user133,user133,user133@example.com
user134,user134,user134,user134@example.com
user135,user135,user135,user135@example.com
user136,user136,user136,user136@example.com
user137,user137,user137,user137@example.com
user138,user138,user138,user138@example.com
user139,user139,user139,user139@example.com
user140,user140,user140,user140@example.com
user141,user141,user141,user141@example.com
user142,user142,user142,user142@example.com
user143,user143,user143,user143@example.com
user144,user144,user144,user144@example.com
user145,user145,user145,user145@example.com
user146,user146,user146,user146@example.com
user147,user147,user147,user147@example.com
user148,user148,user148,user148@example.com
user149,user149,user149,user149@example.com
user150,user150,user150,user150@example.com
user151,user151,user151,user151@example.com
user152,user152,user152,user152@example.com
user153,user153,user153,user153@example.com
user154,user154,user154,user154@example.com
user155,user155,user155,user155@example.com
user156,user156,user156,user156@example.com
user157,user157,user157,user157@example.com
user158,user158,user158,user158@example.com
user159,user159,user159,user159@example.com
user160,user160,user160,user160@example.com
user161,user161,user161,user161@example.com
user162,user162,user162,user162@example.com
user163,user163,user163,user163@example.com
user164,user164,user164,user164@example.com
user165,user165,user165,user165@example.com
user166,user166,user166,user166@example.com
user167,user167,user167,user167@example.com
user168,user168,user168,user168@example.com
user169,user169,user169,user169@example.com
user170,user170,user170,user170@example.com
user171,user171,user171,user171@example.com
user172,user172,user172,user172@example.com
user173,user173,user173,user173@example.com
user174,user174,user174,user174@example.com
user175,user175,user175,user175@example.com
user176,user176,user176,user176@example.com
user177,user177,user177,user177@example.com
user178,user178,user178,user178@example.com
user179,user179,user179,user179@example.com
user180,user180,user180,user180@example.com
user181,user181,user181,user181@example.com
user182,user182,user182,user182@example.com
user183,user183,user183,user183@example.com
user184,user184,user184,user184@example.com
user185,user185,user185,user185@example.com
user186,user186,user186,user186@example.com
user187,user187,user187,user187@example.com
user188,user188,user188,user188@example.com
user189,user189,user189,user189@example.com
user190,user190,user190,user190@example.com
user191,user191,user191,user191@example.com
user192,user192,user192,user192@example.com
user193,user193,user193,user193@example.com
user194,user194,user194,user194@example.com
user195,user195,user195,user195@example.com
user196,user196,user196,user196@example.com
user197,user197,user197,user197@example.com
user198,user198,user198,user198@example.com
user199,user199,user199,user199@example.com
user200,user200,user200,user200@example.com
user201,user201,user201,user201@example.com
user202,user202,user202,user202@example.com
user203,user203,user203,user203@example.com
user204,user204,user204,user204@example.com
user205,user205,user205,user205@example.com
user206,user206,user206,user206@example.com
user207,user207,user207,user207@example.com
user208,user208,user208,user208@example.com
user209,user209,user209,user209@example.com
user210,user210,user210,user210@example.com
user211,user211,user211,user211@example.com
user212,user212,user212,user212@example.com
user213,user213,user213,user213@example.com
user214,user214,user214,user214@example.com
user215,user215,user215,user215@example.com
user216,user216,user216,user216@example.com
user217,user217,user217,user217@example.com
user218,user218,user218,user218@example.com
user219,user219,user219,user219@example.com
user220,user220,user220,user220@example.com
user221,user221,user221,user221@example.com
user222,user222,user222,user222@example.com
user223,user223,user223,user223@example.com
user224,user224,user224,user224@example.com
user225,user225,user225,user225@example.com
user226,user226,user226,user226@example.com
user227,user227,user227,user227@example.com
user228,user228,user228,user228@example.com
user229,user229,user229,user229@example.com
user230,user230,user230,user230@example.com
user231,user231,user231,user231@example.com
user232,user232,user232,user232@example.com
user233,user233,user233,user233@example.com
user234,user234,user234,user234@example.com
user235,user235,user235,user235@example.com
user236,user236,user236,user236@example.com
user237,user237,user237,user237@example.com
user238,user238,user238,user238@example.com
user239,user239,user239,user239@example.com
user240,user240,user240,user240@example.com
user241,user241,user241,user241@example.com
user242,user242,user242,user242@example.com
user243,user243,user243,user243@example.com
user244,user244,user244,user244@example.com
user245,user245,user245,user245@example.com
user246,user246,user246,user246@example.com
user247,user247,user247,user247@example.com
user248,user248,user248,user248@example.com
user249,user249,user249,user249@example.com
user250,user250,user250,user250@example.com
user251,user251,user251,user251@example.com
user252,user252,user252,user252@example.com
user253,user253,user253,user253@example.com
user254,user254,user254,user254@example.com
user255,user255,user255,user255@example.com
user256,user256,user256,user256@example.com
user257,user257,user257,user257@example.com
user258,user258,user258,user258@example.com
user259,user259,user259,user259@example.com
user260,user260,user260,user260@example.com
user261,user261,user261,user261@example.com
user262,user262,user262,user262@example.com
user263,user263,user263,user263@example.com
user264,user264,user264,user264@example.com
user265,user265,user265,user265@example.com
user266,user266,user266,user266@example.com
user267,user267,user267,user267@example.com
user268,user268,user268,user268@example.com
user269,user269,user269,user269@example.com
user270,user270,user270,user270@example.com
user271,user271,user271,user271@example.com
user272,user272,user272,user272@example.com
user273,user273,user273,user273@example.com
user274,user274,user274,user274@example.com
user275,user275,user275,user275@example.com
user276,user276,user276,user276@example.com
user277,user277,user277,user277@example.com
user278,user278,user278,user278@example.com
user279,user279,user279,user279@example.com
user280,user280,user280,user280@example.com
user281,user281,user281,user281@example.com
user282,user282,user282,user282@example.com
user283,user283,user283,user283@example.com
user284,user284,user284,user284@example.com
user285,user285,user285,user285@example.com
user286,user286,user286,user286@example.com
user287,user287,user287,user287@example.com
user288,user288,user288,user288@example.com
user289,user289,user289,user289@example.com
user290,user290,user290,user290@example.com
user291,user291,user291,user291@example.com
user292,user292,user292,user292@example.com
user293,user293,user293,user293@example.com
user294,user294,user294,user294@example.com
user295,user295,user295,user295@example.com
user296,user296,user296,user296@example.com
user297,user297,user297,user297@example.com
user298,user298,user298,user298@example.com
user299,user299,user299,user299@example.com
user300,user300,user300,user300@example.com
user301,user301,user301,user301@example.com
user302,user302,user302,user302@example.com
user303,user303,user303,user303@example.com
user304,user304,user304,user304@example.com
user305,user305,user305,user305@example.com
user306,user306,user306,user306@example.com
user307,user307,user307,user307@example.com
user308,user308,user308,user308@example.com
user309,user309,user309,user309@example.com
user310,user310,user310,user310@example.com
user311,user311,user311,user311@example.com
user312,user312,user312,user312@example.com
user313,user313,user313,user313@example.com
user314,user314,user314,user314@example.com
user315,user315,user315,user315@example.com
user316,user316,user316,user316@example.com
user317,user317,user317,user317@example.com
user318,user318,user318,user318@example.com
user319,user319,user319,user319@example.com
user320,user320,user320,user320@example.com
user321,user321,user321,user321@example.com
user322,user322,user322,user322@example.com
user323,user323,user323,user323@example.com
user324,user324,user324,user324@example.com
user325,user325,user325,user325@example.com
user326,user326,user326,user326@example.com
user327,user327,user327,user327@example.com
user328,user328,user328,user328@example.com
user329,user329,user329,user329@example.com
user330,user330,user330,user330@example.com
user331,user331,user331,user331@example.com
user332,user332,user332,user332@example.com
user333,user333,user333,user333@example.com
user334,user334,user334,user334@example.com
user335,user335,user335,user335@example.com
user336,user336,user336,user336@example.com
user337,user337,user337,user337@example.com
user338,user338,user338,user338@example.com
user339,user339,user339,user339@example.com
user340,user340,user340,user340@example.com
user341,user341,user341,user341@example.com
user342,user342,user342,user342@example.com
user343,user343,user343,user343@example.com
user344,user344,user344,user344@example.com
user345,user345,user345,user345@example.com
user346,user346,user346,user346@example.com
user347,user347,user347,user347@example.com
user348,user348,user348,user348@example.com
user349,user349,user349,user349@example.com
user350,user350,user350,user350@example.com
user351,user351,user351,user351@example.com
user352,user352,user352,user352@example.com
user353,user353,user353,user353@example.com
user354,user354,user354,user354@example.com
user355,user355,user355,user355@example.com
user356,user356,user356,user356@example.com
user357,user357,user357,user357@example.com
user358,user358,user358,user358@example.com
user359,user359,user359,user359@example.com
user360,user360,user360,user360@example.com
user361,user361,user361,user361@example.com
user362,user362,user362,user362@example.com
user363,user363,user363,user363@example.com
user364,user364,user364,user364@example.com
user365,user365,user365,user365@example.com
user366,user366,user366,user366@example.com
user367,user367,user367,user367@example.com
user368,user368,user368,user368@example.com
user369,user369,user369,user369@example.com
user370,user370,user370,user370@example.com
user371,user371,user371,user371@example.com
user372,user372,user372,user372@example.com
user373,user373,user373,user373@example.com
user374,user374,user374,user374@example.com
user375,user375,user375,user375@example.com
user376,user376,user376,user376@example.com
user377,user377,user377,user377@example.com
user378,user378,user378,user378@example.com
user379,user379,user379,user379@example.com
user380,user380,user380,user380@example.com
user381,user381,user381,user381@example.com
user382,user382,user382,user382@example.com
user383,user383,user383,user383@example.com
user384,user384,user384,user384@example.com
user385,user385,user385,user385@example.com
user386,user386,user386,user386@example.com
user387,user387,user387,user387@example.com
user388,user388,user388,user388@example.com
user389,user389,user389,user389@example.com
user390,user390,user390,user390@example.com
user391,user391,user391,user391@example.com
user392,user392,user392,user392@example.com
user393,user393,user393,user393@example.com
user394,user394,user394,user394@example.com
user395,user395,user395,user395@example.com
user396,user396,user396,user396@example.com
user397,user397,user397,user397@example.com
user398,user398,user398,user398@example.com
user399,user399,user399,user399@example.com
user400,user400,user400,user400@example.com
user401,user401,user401,user401@example.com
user402,user402,user402,user402@example.com
user403,user403,user403,user403@example.com
user404,user404,user404,user404@example.com
user405,user405,user405,user405@example.com
user406,user406,user406,user406@example.com
user407,user407,user407,user407@example.com
user408,user408,user408,user408@example.com
user409,user409,user409,user409@example.com
user410,user410,user410,user410@example.com
user411,user411,user411,user411@example.com
user412,user412,user412,user412@example.com
user413,user413,user413,user413@example.com
user414,user414,user414,user414@example.com
user415,user415,user415,user415@example.com
user416,user416,user416,user416@example.com
user417,user417,user417,user417@example.com
user418,user418,user418,user418@example.com
user419,user419,user419,user419@example.com
user420,user420,user420,user420@example.com
user421,user421,user421,user421@example.com
user422,user422,user422,user422@example.com
user423,user423,user423,user423@example.com
user424,user424,user424,user424@example.com
user425,user425,user425,user425@example.com
user426,user426,user426,user426@example.com
user427,user427,user427,user427@example.com
user428,user428,user428,user428@example.com
user429,user429,user429,user429@example.com
user430,user430,user430,user430@example.com
user431,user431,user431,user431@example.com
user432,user432,user432,user432@example.com
user433,user433,user433,user433@example.com
user434,user434,user434,user434@example.com
user435,user435,user435,user435@example.com
user436,user436,user436,user436@example.com
user437,user437,user437,user437@example.com
user438,user438,user438,user438@example.com
user439,user439,user439,user439@example.com
user440,user440,user440,user440@example.com
user441,user441,user441,user441@example.com
user442,user442,user442,user442@example.com
user443,user443,user443,user443@example.com
user444,user444,user444,user444@example.com
user445,user445,user445,user445@example.com
user446,user446,user446,user446@example.com
user447,user447,user447,user447@example.com
user448,user448,user448,user448@example.com
user449,user449,user449,user449@example.com
user450,user450,user450,user450@example.com
user451,user451,user451,user451@example.com
user452,user452,user452,user452@example.com
user453,user453,user453,user453@example.com
user454,user454,user454,user454@example.com
user455,user455,user455,user455@example.com
user456,user456,user456,user456@example.com
user457,user457,user457,user457@example.com
user458,user458,user458,user458@example.com
user459,user459,user459,user459@example.com
user460,user460,user460,user460@example.com
user461,user461,user461,user461@example.com
user462,user462,user462,user462@example.com
user463,user463,user463,user463@example.com
user464,user464,user464,user464@example.com
user465,user465,user465,user465@example.com
user466,user466,user466,user466@example.com
user467,user467,user467,user467@example.com
user468,user468,user468,user468@example.com
user469,user469,user469,user469@example.com
user470,user470,user470,user470@example.com
user471,user471,user471,user471@example.com
user472,user472,user472,user472@example.com
user473,user473,user473,user473@example.com
user474,user474,user474,user474@example.com
user475,user475,user475,user475@example.com
user476,user476,user476,user476@example.com
user477,user477,user477,user477@example.com
user478,user478,user478,user478@example.com
user479,user479,user479,user479@example.com
user480,user480,user480,user480@example.com
user481,user481,user481,user481@example.com
user482,user482,user482,user482@example.com
user483,user483,user483,user483@example.com
user484,user484,user484,user484@example.com
user485,user485,user485,user485@example.com
user486,user486,user486,user486@example.com
user487,user487,user487,user487@example.com
user488,user488,user488,user488@example.com
user489,user489,user489,user489@example.com
user490,user490,user490,user490@example.com
user491,user491,user491,user491@example.com
user492,user492,user492,user492@example.com
user493,user493,user493,user493@example.com
user494,user494,user494,user494@example.com
user495,user495,user495,user495@example.com
user496,user496,user496,user496@example.com
user497,user497,user497,user497@example.com
user498,user498,user498,user498@example.com
user499,user499,user499,user499@example.com
user500,user500,user500,user500@example.com
user501,user501,user501,user501@example.com
user502,user502,user502,user502@example.com
user503,user503,user503,user503@example.com
user504,user504,user504,user504@example.com
user505,user505,user505,user505@example.com
user506,user506,user506,user506@example.com
user507,user507,user507,user507@example.com
user508,user508,user508,user508@example.com
user509,user509,user509,user509@example.com
user510,user510,user510,user510@example.com
user511,user511,user511,user511@example.com
user512,user512,user512,user512@example.com
user513,user513,user513,user513@example.com
user514,user514,user514,user514@example.com
user515,user515,user515,user515@example.com
user516,user516,user516,user516@example.com
user517,user517,user517,user517@example.com
user518,user518,user518,user518@example.com
user519,user519,user519,user519@example.com
user520,user520,user520,user520@example.com
user521,user521,user521,user521@example.com
user522,user522,user522,user522@example.com
user523,user523,user523,user523@example.com
user524,user524,user524,user524@example.com
user525,user525,user525,user525@example.com
user526,user526,user526,user526@example.com
user527,user527,user527,user527@example.com
user528,user528,user528,user528@example.com
user529,user529,user529,user529@example.com
user530,user530,user530,user530@example.com
user531,user531,user531,user531@example.com
user532,user532,user532,user532@example.com
user533,user533,user533,user533@example.com
user534,user534,user534,user534@example.com
user535,user535,user535,user535@example.com
user536,user536,user536,user536@example.com
user537,user537,user537,user537@example.com
user538,user538,user538,user538@example.com
user539,user539,user539,user539@example.com
user540,user540,user540,user540@example.com
user541,user541,user541,user541@example.com
user542,user542,user542,user542@example.com
user543,user543,user543,user543@example.com
user544,user544,user544,user544@example.com
user545,user545,user545,user545@example.com
user546,user546,user546,user546@example.com
user547,user547,user547,user547@example.com
user548,user548,user548,user548@example.com
user549,user549,user549,user549@example.com
user550,user550,user550,user550@example.com
user551,user551,user551,user551@example.com
user552,user552,user552,user552@example.com
user553,user553,user553,user553@example.com
user554,user554,user554,user554@example.com
user555,user555,user555,user555@example.com
user556,user556,user556,user556@example.com
user557,user557,user557,user557@example.com
user558,user558,user558,user558@example.com
user559,user559,user559,user559@example.com
user560,user560,user560,user560@example.com
user561,user561,user561,user561@example.com
user562,user562,user562,user562@example.com
user563,user563,user563,user563@example.com
user564,user564,user564,user564@example.com
user565,user565,user565,user565@example.com
user566,user566,user566,user566@example.com
user567,user567,user567,user567@example.com
user568,user568,user568,user568@example.com
user569,user569,user569,user569@example.com
user570,user570,user570,user570@example.com
user571,user571,user571,user571@example.com
user572,user572,user572,user572@example.com
user573,user573,user573,user573@example.com
user574,user574,user574,user574@example.com
user575,user575,user575,user575@example.com
user576,user576,user576,user576@example.com
user577,user577,user577,user577@example.com
user578,user578,user578,user578@example.com
user579,user579,user579,user579@example.com
user580,user580,user580,user580@example.com
user581,user581,user581,user581@example.com
user582,user582,user582,user582@example.com
user583,user583,user583,user583@example.com
user584,user584,user584,user584@example.com
user585,user585,user585,user585@example.com
user586,user586,user586,user586@example.com
user587,user587,user587,user587@example.com
user588,user588,user588,user588@example.com
user589,user589,user589,user589@example.com
user590,user590,user590,user590@example.com
user591,user591,user591,user591@example.com
user592,user592,user592,user592@example.com
user593,user593,user593,user593@example.com
user594,user594,user594,user594@example.com
user595,user595,user595,user595@example.com
user596,user596,user596,user596@example.com
user597,user597,user597,user597@example.com
user598,user598,user598,user598@example.com
user599,user599,user599,user599@example.com
user600,user600,user600,user600@example.com
user601,user601,user601,user601@example.com
user602,user602,user602,user602@example.com
user603,user603,user603,user603@example.com
user604,user604,user604,user604@example.com
user605,user605,user605,user605@example.com
user606,user606,user606,user606@example.com
user607,user607,user607,user607@example.com
user608,user608,user608,user608@example.com
user609,user609,user609,user609@example.com
user610,user610,user610,user610@example.com
user611,user611,user611,user611@example.com
user612,user612,user612,user612@example.com
user613,user613,user613,user613@example.com
user614,user614,user614,user614@example.com
user615,user615,user615,user615@example.com
user616,user616,user616,user616@example.com
user617,user617,user617,user617@example.com
user618,user618,user618,user618@example.com
user619,user619,user619,user619@example.com
user620,user620,user620,user620@example.com
user621,user621,user621,user621@example.com
user622,user622,user622,user622@example.com
user623,user623,user623,user623@example.com
user624,user624,user624,user624@example.com
user625,user625,user625,user625@example.com
user626,user626,user626,user626@example.com
user627,user627,user627,user627@example.com
user628,user628,user628,user628@example.com
user629,user629,user629,user629@example.com
user630,user630,user630,user630@example.com
user631,user631,user631,user631@example.com
user632,user632,user632,user632@example.com
user633,user633,user633,user633@example.com
user634,user634,user634,user634@example.com
user635,user635,user635,user635@example.com
user636,user636,user636,user636@example.com
user637,user637,user637,user637@example.com
user638,user638,user638,user638@example.com
user639,user639,user639,user639@example.com
user640,user640,user640,user640@example.com
user641,user641,user641,user641@example.com
user642,user642,user642,user642@example.com
user643,user643,user643,user643@example.com
user644,user644,user644,user644@example.com
user645,user645,user645,user645@example.com
user646,user646,user646,user646@example.com
user647,user647,user647,user647@example.com
user648,user648,user648,user648@example.com
user649,user649,user649,user649@example.com
user650,user650,user650,user650@example.com
user651,user651,user651,user651@example.com
user652,user652,user652,user652@example.com
user653,user653,user653,user653@example.com
user654,user654,user654,user654@example.com
user655,user655,user655,user655@example.com
user656,user656,user656,user656@example.com
user657,user657,user657,user657@example.com
user658,user658,user658,user658@example.com
user659,user659,user659,user659@example.com
user660,user660,user660,user660@example.com
user661,user661,user661,user661@example.com
user662,user662,user662,user662@example.com
user663,user663,user663,user663@example.com
user664,user664,user664,user664@example.com
user665,user665,user665,user665@example.com
user666,user666,user666,user666@example.com
user667,user667,user667,user667@example.com
user668,user668,user668,user668@example.com
user669,user669,user669,user669@example.com
user670,user670,user670,user670@example.com
user671,user671,user671,user671@example.com
user672,user672,user672,user672@example.com
user673,user673,user673,user673@example.com
user674,user674,user674,user674@example.com
user675,user675,user675,user675@example.com
user676,user676,user676,user676@example.com
user677,user677,user677,user677@example.com
user678,user678,user678,user678@example.com
user679,user679,user679,user679@example.com
user680,user680,user680,user680@example.com
user681,user681,user681,user681@example.com
user682,user682,user682,user682@example.com
user683,user683,user683,user683@example.com
user684,user684,user684,user684@example.com
user685,user685,user685,user685@example.com
user686,user686,user686,user686@example.com
user687,user687,user687,user687@example.com
user688,user688,user688,user688@example.com
user689,user689,user689,user689@example.com
user690,user690,user690,user690@example.com
user691,user691,user691,user691@example.com
user692,user692,user692,user692@example.com
user693,user693,user693,user693@example.com
user694,user694,user694,user694@example.com
user695,user695,user695,user695@example.com
user696,user696,user696,user696@example.com
user697,user697,user697,user697@example.com
user698,user698,user698,user698@example.com
user699,user699,user699,user699@example.com
user700,user700,user700,user700@example.com
user701,user701,user701,user701@example.com
user702,user702,user702,user702@example.com
user703,user703,user703,user703@example.com
user704,user704,user704,user704@example.com
user705,user705,user705,user705@example.com
user706,user706,user706,user706@example.com
user707,user707,user707,user707@example.com
user708,user708,user708,user708@example.com
user709,user709,user709,user709@example.com
user710,user710,user710,user710@example.com
user711,user711,user711,user711@example.com
user712,user712,user712,user712@example.com
user713,user713,user713,user713@example.com
user714,user714,user714,user714@example.com
user715,user715,user715,user715@example.com
user716,user716,user716,user716@example.com
user717,user717,user717,user717@example.com
user718,user718,user718,user718@example.com
user719,user719,user719,user719@example.com
user720,user720,user720,user720@example.com
user721,user721,user721,user721@example.com
user722,user722,user722,user722@example.com
user723,user723,user723,user723@example.com
user724,user724,user724,user724@example.com
user725,user725,user725,user725@example.com
user726,user726,user726,user726@example.com
user727,user727,user727,user727@example.com
user728,user728,user728,user728@example.com
user729,user729,user729,user729@example.com
user730,user730,user730,user730@example.com
user731,user731,user731,user731@example.com
user732,user732,user732,user732@example.com
user733,user733,user733,user733@example.com
user734,user734,user734,user734@example.com
user735,user735,user735,user735@example.com
user736,user736,user736,user736@example.com
user737,user737,user737,user737@example.com
user738,user738,user738,user738@example.com
user739,user739,user739,user739@example.com
user740,user740,user740,user740@example.com
user741,user741,user741,user741@example.com
user742,user742,user742,user742@example.com
user743,user743,user743,user743@example.com
user744,user744,user744,user744@example.com
user745,user745,user745,user745@example.com
user746,user746,user746,user746@example.com
user747,user747,user747,user747@example.com
user748,user748,user748,user748@example.com
user749,user749,user749,user749@example.com
user750,user750,user750,user750@example.com
user751,user751,user751,user751@example.com
user752,user752,user752,user752@example.com
user753,user753,user753,user753@example.com
user754,user754,user754,user754@example.com
user755,user755,user755,user755@example.com
user756,user756,user756,user756@example.com
user757,user757,user757,user757@example.com
user758,user758,user758,user758@example.com
user759,user759,user759,user759@example.com
user760,user760,user760,user760@example.com
user761,user761,user761,user761@example.com
user762,user762,user762,user762@example.com
user763,user763,user763,user763@example.com
user764,user764,user764,user764@example.com
user765,user765,user765,user765@example.com
user766,user766,user766,user766@example.com
user767,user767,user767,user767@example.com
user768,user768,user768,user768@example.com
user769,user769,user769,user769@example.com
user770,user770,user770,user770@example.com
user771,user771,user771,user771@example.com
user772,user772,user772,user772@example.com
user773,user773,user773,user773@example.com
user774,user774,user774,user774@example.com
user775,user775,user775,user775@example.com
user776,user776,user776,user776@example.com
user777,user777,user777,user777@example.com
user778,user778,user778,user778@example.com
user779,user779,user779,user779@example.com
user780,user780,user780,user780@example.com
user781,user781,user781,user781@example.com
user782,user782,user782,user782@example.com
user783,user783,user783,user783@example.com
user784,user784,user784,user784@example.com
user785,user785,user785,user785@example.com
user786,user786,user786,user786@example.com
user787,user787,user787,user787@example.com
user788,user788,user788,user788@example.com
user789,user789,user789,user789@example.com
user790,user790,user790,user790@example.com
user791,user791,user791,user791@example.com
user792,user792,user792,user792@example.com
user793,user793,user793,user793@example.com
user794,user794,user794,user794@example.com
user795,user795,user795,user795@example.com
user796,user796,user796,user796@example.com
user797,user797,user797,user797@example.com
user798,user798,user798,user798@example.com
user799,user799,user799,user799@example.com
user800,user800,user800,user800@example.com
user801,user801,user801,user801@example.com
user802,user802,user802,user802@example.com
user803,user803,user803,user803@example.com
user804,user804,user804,user804@example.com
user805,user805,user805,user805@example.com
user806,user806,user806,user806@example.com
user807,user807,user807,user807@example.com
user808,user808,user808,user808@example.com
user809,user809,user809,user809@example.com
user810,user810,user810,user810@example.com
user811,user811,user811,user811@example.com
user812,user812,user812,user812@example.com
user813,user813,user813,user813@example.com
user814,user814,user814,user814@example.com
user815,user815,user815,user815@example.com
user816,user816,user816,user816@example.com
user817,user817,user817,user817@example.com
user818,user818,user818,user818@example.com
user819,user819,user819,user819@example.com
user820,user820,user820,user820@example.com
user821,user821,user821,user821@example.com
user822,user822,user822,user822@example.com
user823,user823,user823,user823@example.com
user824,user824,user824,user824@example.com
user825,user825,user825,user825@example.com
user826,user826,user826,user826@example.com
user827,user827,user827,user827@example.com
user828,user828,user828,user828@example.com
user829,user829,user829,user829@example.com
user830,user830,user830,user830@example.com
user831,user831,user831,user831@example.com
user832,user832,user832,user832@example.com
user833,user833,user833,user833@example.com
user834,user834,user834,user834@example.com
user835,user835,user835,user835@example.com
user836,user836,user836,user836@example.com
user837,user837,user837,user837@example.com
user838,user838,user838,user838@example.com
user839,user839,user839,user839@example.com
user840,user840,user840,user840@example.com
user841,user841,user841,user841@example.com
user842,user842,user842,user842@example.com
user843,user843,user843,user843@example.com
user844,user844,user844,user844@example.com
user845,user845,user845,user845@example.com
user846,user846,user846,user846@example.com
user847,user847,user847,user847@example.com
user848,user848,user848,user848@example.com
user849,user849,user849,user849@example.com
user850,user850,user850,user850@example.com
user851,user851,user851,user851@example.com
user852,user852,user852,user852@example.com
user853,user853,user853,user853@example.com
user854,user854,user854,user854@example.com
user855,user855,user855,user855@example.com
user856,user856,user856,user856@example.com
user857,user857,user857,user857@example.com
user858,user858,user858,user858@example.com
user859,user859,user859,user859@example.com
user860,user860,user860,user860@example.com
user861,user861,user861,user861@example.com
user862,user862,user862,user862@example.com
user863,user863,user863,user863@example.com
user864,user864,user864,user864@example.com
user865,user865,user865,user865@example.com
user866,user866,user866,user866@example.com
user867,user867,user867,user867@example.com
user868,user868,user868,user868@example.com
user869,user869,user869,user869@example.com
user870,user870,user870,user870@example.com
user871,user871,user871,user871@example.com
user872,user872,user872,user872@example.com
user873,user873,user873,user873@example.com
user874,user874,user874,user874@example.com
user875,user875,user875,user875@example.com
user876,user876,user876,user876@example.com
user877,user877,user877,user877@example.com
user878,user878,user878,user878@example.com
user879,user879,user879,user879@example.com
user880,user880,user880,user880@example.com
user881,user881,user881,user881@example.com
user882,user882,user882,user882@example.com
user883,user883,user883,user883@example.com
user884,user884,user884,user884@example.com
user885,user885,user885,user885@example.com
user886,user886,user886,user886@example.com
user887,user887,user887,user887@example.com
user888,user888,user888,user888@example.com
user889,user889,user889,user889@example.com
user890,user890,user890,user890@example.com
user891,user891,user891,user891@example.com
user892,user892,user892,user892@example.com
user893,user893,user893,user893@example.com
user894,user894,user894,user894@example.com
user895,user895,user895,user895@example.com
user896,user896,user896,user896@example.com
user897,user897,user897,user897@example.com
user898,user898,user898,user898@example.com
user899,user899,user899,user899@example.com
user900,user900,user900,user900@example.com
user901,user901,user901,user901@example.com
user902,user902,user902,user902@example.com
user903,user903,user903,user903@example.com
user904,user904,user904,user904@example.com
user905,user905,user905,user905@example.com
user906,user906,user906,user906@example.com
user907,user907,user907,user907@example.com
user908,user908,user908,user908@example.com
user909,user909,user909,user909@example.com
user910,user910,user910,user910@example.com
user911,user911,user911,user911@example.com
user912,user912,user912,user912@example.com
user913,user913,user913,user913@example.com
user914,user914,user914,user914@example.com
user915,user915,user915,user915@example.com
user916,user916,user916,user916@example.com
user917,user917,user917,user917@example.com
user918,user918,user918,user918@example.com
user919,user919,user919,user919@example.com
user920,user920,user920,user920@example.com
user921,user921,user921,user921@example.com
user922,user922,user922,user922@example.com
user923,user923,user923,user923@example.com
user924,user924,user924,user924@example.com
user925,user925,user925,user925@example.com
user926,user926,user926,user926@example.com
user927,user927,user927,user927@example.com
user928,user928,user928,user928@example.com
user929,user929,user929,user929@example.com
user930,user930,user930,user930@example.com
user931,user931,user931,user931@example.com
user932,user932,user932,user932@example.com
user933,user933,user933,user933@example.com
user934,user934,user934,user934@example.com
user935,user935,user935,user935@example.com
user936,user936,user936,user936@example.com
user937,user937,user937,user937@example.com
user938,user938,user938,user938@example.com
user939,user939,user939,user939@example.com
user940,user940,user940,user940@example.com
user941,user941,user941,user941@example.com
user942,user942,user942,user942@example.com
user943,user943,user943,user943@example.com
user944,user944,user944,user944@example.com
user945,user945,user945,user945@example.com
user946,user946,user946,user946@example.com
user947,user947,user947,user947@example.com
user948,user948,user948,user948@example.com
user949,user949,user949,user949@example.com
user950,user950,user950,user950@example.com
user951,user951,user951,user951@example.com
user952,user952,user952,user952@example.com
user953,user953,user953,user953@example.com
user954,user954,user954,user954@example.com
user955,user955,user955,user955@example.com
user956,user956,user956,user956@example.com
user957,user957,user957,user957@example.com
user958,user958,user958,user958@example.com
user959,user959,user959,user959@example.com
user960,user960,user960,user960@example.com
user961,user961,user961,user961@example.com
user962,user962,user962,user962@example.com
user963,user963,user963,user963@example.com
user964,user964,user964,user964@example.com
user965,user965,user965,user965@example.com
user966,user966,user966,user966@example.com
user967,user967,user967,user967@example.com
user968,user968,user968,user968@example.com
user969,user969,user969,user969@example.com
user970,user970,user970,user970@example.com
user971,user971,user971,user971@example.com
user972,user972,user972,user972@example.com
user973,user973,user973,user973@example.com
user974,user974,user974,user974@example.com
user975,user975,user975,user975@example.com
user976,user976,user976,user976@example.com
user977,user977,user977,user977@example.com
user978,user978,user978,user978@example.com
user979,user979,user979,user979@example.com
user980,user980,user980,user980@example.com
user981,user981,user981,user981@example.com
user982,user982,user982,user982@example.com
user983,user983,user983,user983@example.com
user984,user984,user984,user984@example.com
user985,user985,user985,user985@example.com
user986,user986,user986,user986@example.com
user987,user987,user987,user987@example.com
user988,user988,user988,user988@example.com
user989,user989,user989,user989@example.com
user990,user990,user990,user990@example.com
user991,user991,user991,user991@example.com
user992,user992,user992,user992@example.com
user993,user993,user993,user993@example.com
user994,user994,user994,user994@example.com
user995,user995,user995,user995@example.com
user996,user996,user996,user996@example.com
user997,user997,user997,user997@example.com
user998,user998,user998,user998@example.com
user999,user999,user999,user999@example.com
user1000,user1000,user1000,user1000@example.com
