user1@example.com,CAdemo123
user002@example.com,CAdemo123
user003@example.com,CAdemo123
user004@example.com,CAdemo123
user005@example.com,CAdemo123
user006@example.com,CAdemo123
user007@example.com,CAdemo123
user008@example.com,CAdemo123
user009@example.com,CAdemo123
user010@example.com,CAdemo123
user011@example.com,CAdemo123
user012@example.com,CAdemo123
user013@example.com,CAdemo123
user014@example.com,CAdemo123
user015@example.com,CAdemo123
user016@example.com,CAdemo123
user017@example.com,CAdemo123
user018@example.com,CAdemo123
user019@example.com,CAdemo123
user020@example.com,CAdemo123
user021@example.com,CAdemo123
user022@example.com,CAdemo123
user023@example.com,CAdemo123
user024@example.com,CAdemo123
user025@example.com,CAdemo123
user026@example.com,CAdemo123
user027@example.com,CAdemo123
user028@example.com,CAdemo123
user029@example.com,CAdemo123
user030@example.com,CAdemo123
user031@example.com,CAdemo123
user032@example.com,CAdemo123
user033@example.com,CAdemo123
user034@example.com,CAdemo123
user035@example.com,CAdemo123
user036@example.com,CAdemo123
user037@example.com,CAdemo123
user038@example.com,CAdemo123
user039@example.com,CAdemo123
user040@example.com,CAdemo123
user041@example.com,CAdemo123
user042@example.com,CAdemo123
user043@example.com,CAdemo123
user044@example.com,CAdemo123
user045@example.com,CAdemo123
user046@example.com,CAdemo123
user047@example.com,CAdemo123
user048@example.com,CAdemo123
user049@example.com,CAdemo123
user050@example.com,CAdemo123
user051@example.com,CAdemo123
user052@example.com,CAdemo123
user053@example.com,CAdemo123
user054@example.com,CAdemo123
user055@example.com,CAdemo123
user056@example.com,CAdemo123
user057@example.com,CAdemo123
user058@example.com,CAdemo123
user059@example.com,CAdemo123
user060@example.com,CAdemo123
user061@example.com,CAdemo123
user062@example.com,CAdemo123
user063@example.com,CAdemo123
user064@example.com,CAdemo123
user065@example.com,CAdemo123
user066@example.com,CAdemo123
user067@example.com,CAdemo123
user068@example.com,CAdemo123
user069@example.com,CAdemo123
user070@example.com,CAdemo123
user071@example.com,CAdemo123
user072@example.com,CAdemo123
user073@example.com,CAdemo123
user074@example.com,CAdemo123
user075@example.com,CAdemo123
user076@example.com,CAdemo123
user077@example.com,CAdemo123
user078@example.com,CAdemo123
user079@example.com,CAdemo123
user080@example.com,CAdemo123
user081@example.com,CAdemo123
user082@example.com,CAdemo123
user083@example.com,CAdemo123
user084@example.com,CAdemo123
user085@example.com,CAdemo123
user086@example.com,CAdemo123
user087@example.com,CAdemo123
user088@example.com,CAdemo123
user089@example.com,CAdemo123
user090@example.com,CAdemo123
user091@example.com,CAdemo123
user092@example.com,CAdemo123
user093@example.com,CAdemo123
user094@example.com,CAdemo123
user095@example.com,CAdemo123
user096@example.com,CAdemo123
user097@example.com,CAdemo123
user098@example.com,CAdemo123
user099@example.com,CAdemo123
user100@example.com,CAdemo123
user101@example.com,CAdemo123
user102@example.com,CAdemo123
user103@example.com,CAdemo123
user104@example.com,CAdemo123
user105@example.com,CAdemo123
user106@example.com,CAdemo123
user107@example.com,CAdemo123
user108@example.com,CAdemo123
user109@example.com,CAdemo123
user110@example.com,CAdemo123
user111@example.com,CAdemo123
user112@example.com,CAdemo123
user113@example.com,CAdemo123
user114@example.com,CAdemo123
user115@example.com,CAdemo123
user116@example.com,CAdemo123
user117@example.com,CAdemo123
user118@example.com,CAdemo123
user119@example.com,CAdemo123
user120@example.com,CAdemo123
user121@example.com,CAdemo123
user122@example.com,CAdemo123
user123@example.com,CAdemo123
user124@example.com,CAdemo123
user125@example.com,CAdemo123
user126@example.com,CAdemo123
user127@example.com,CAdemo123
user128@example.com,CAdemo123
user129@example.com,CAdemo123
user130@example.com,CAdemo123
user131@example.com,CAdemo123
user132@example.com,CAdemo123
user133@example.com,CAdemo123
user134@example.com,CAdemo123
user135@example.com,CAdemo123
user136@example.com,CAdemo123
user137@example.com,CAdemo123
user138@example.com,CAdemo123
user139@example.com,CAdemo123
user140@example.com,CAdemo123
user141@example.com,CAdemo123
user142@example.com,CAdemo123
user143@example.com,CAdemo123
user144@example.com,CAdemo123
user145@example.com,CAdemo123
user146@example.com,CAdemo123
user147@example.com,CAdemo123
user148@example.com,CAdemo123
user149@example.com,CAdemo123
user150@example.com,CAdemo123
user151@example.com,CAdemo123
user152@example.com,CAdemo123
user153@example.com,CAdemo123
user154@example.com,CAdemo123
user155@example.com,CAdemo123
user156@example.com,CAdemo123
user157@example.com,CAdemo123
user158@example.com,CAdemo123
user159@example.com,CAdemo123
user160@example.com,CAdemo123
user161@example.com,CAdemo123
user162@example.com,CAdemo123
user163@example.com,CAdemo123
user164@example.com,CAdemo123
user165@example.com,CAdemo123
user166@example.com,CAdemo123
user167@example.com,CAdemo123
user168@example.com,CAdemo123
user169@example.com,CAdemo123
user170@example.com,CAdemo123
user171@example.com,CAdemo123
user172@example.com,CAdemo123
user173@example.com,CAdemo123
user174@example.com,CAdemo123
user175@example.com,CAdemo123
user176@example.com,CAdemo123
user177@example.com,CAdemo123
user178@example.com,CAdemo123
user179@example.com,CAdemo123
user180@example.com,CAdemo123
user181@example.com,CAdemo123
user182@example.com,CAdemo123
user183@example.com,CAdemo123
user184@example.com,CAdemo123
user185@example.com,CAdemo123
user186@example.com,CAdemo123
user187@example.com,CAdemo123
user188@example.com,CAdemo123
user189@example.com,CAdemo123
user190@example.com,CAdemo123
user191@example.com,CAdemo123
user192@example.com,CAdemo123
user193@example.com,CAdemo123
user194@example.com,CAdemo123
user195@example.com,CAdemo123
user196@example.com,CAdemo123
user197@example.com,CAdemo123
user198@example.com,CAdemo123
user199@example.com,CAdemo123
user200@example.com,CAdemo123
user201@example.com,CAdemo123
user202@example.com,CAdemo123
user203@example.com,CAdemo123
user204@example.com,CAdemo123
user205@example.com,CAdemo123
user206@example.com,CAdemo123
user207@example.com,CAdemo123
user208@example.com,CAdemo123
user209@example.com,CAdemo123
user210@example.com,CAdemo123
user211@example.com,CAdemo123
user212@example.com,CAdemo123
user213@example.com,CAdemo123
user214@example.com,CAdemo123
user215@example.com,CAdemo123
user216@example.com,CAdemo123
user217@example.com,CAdemo123
user218@example.com,CAdemo123
user219@example.com,CAdemo123
user220@example.com,CAdemo123
user221@example.com,CAdemo123
user222@example.com,CAdemo123
user223@example.com,CAdemo123
user224@example.com,CAdemo123
user225@example.com,CAdemo123
user226@example.com,CAdemo123
user227@example.com,CAdemo123
user228@example.com,CAdemo123
user229@example.com,CAdemo123
user230@example.com,CAdemo123
user231@example.com,CAdemo123
user232@example.com,CAdemo123
user233@example.com,CAdemo123
user234@example.com,CAdemo123
user235@example.com,CAdemo123
user236@example.com,CAdemo123
user237@example.com,CAdemo123
user238@example.com,CAdemo123
user239@example.com,CAdemo123
user240@example.com,CAdemo123
user241@example.com,CAdemo123
user242@example.com,CAdemo123
user243@example.com,CAdemo123
user244@example.com,CAdemo123
user245@example.com,CAdemo123
user246@example.com,CAdemo123
user247@example.com,CAdemo123
user248@example.com,CAdemo123
user249@example.com,CAdemo123
user250@example.com,CAdemo123
user251@example.com,CAdemo123
user252@example.com,CAdemo123
user253@example.com,CAdemo123
user254@example.com,CAdemo123
user255@example.com,CAdemo123
user256@example.com,CAdemo123
user257@example.com,CAdemo123
user258@example.com,CAdemo123
user259@example.com,CAdemo123
user260@example.com,CAdemo123
user261@example.com,CAdemo123
user262@example.com,CAdemo123
user263@example.com,CAdemo123
user264@example.com,CAdemo123
user265@example.com,CAdemo123
user266@example.com,CAdemo123
user267@example.com,CAdemo123
user268@example.com,CAdemo123
user269@example.com,CAdemo123
user270@example.com,CAdemo123
user271@example.com,CAdemo123
user272@example.com,CAdemo123
user273@example.com,CAdemo123
user274@example.com,CAdemo123
user275@example.com,CAdemo123
user276@example.com,CAdemo123
user277@example.com,CAdemo123
user278@example.com,CAdemo123
user279@example.com,CAdemo123
user280@example.com,CAdemo123
user281@example.com,CAdemo123
user282@example.com,CAdemo123
user283@example.com,CAdemo123
user284@example.com,CAdemo123
user285@example.com,CAdemo123
user286@example.com,CAdemo123
user287@example.com,CAdemo123
user288@example.com,CAdemo123
user289@example.com,CAdemo123
user290@example.com,CAdemo123
user291@example.com,CAdemo123
user292@example.com,CAdemo123
user293@example.com,CAdemo123
user294@example.com,CAdemo123
user295@example.com,CAdemo123
user296@example.com,CAdemo123
user297@example.com,CAdemo123
user298@example.com,CAdemo123
user299@example.com,CAdemo123
user300@example.com,CAdemo123
user301@example.com,CAdemo123
user302@example.com,CAdemo123
user303@example.com,CAdemo123
user304@example.com,CAdemo123
user305@example.com,CAdemo123
user306@example.com,CAdemo123
user307@example.com,CAdemo123
user308@example.com,CAdemo123
user309@example.com,CAdemo123
user310@example.com,CAdemo123
user311@example.com,CAdemo123
user312@example.com,CAdemo123
user313@example.com,CAdemo123
user314@example.com,CAdemo123
user315@example.com,CAdemo123
user316@example.com,CAdemo123
user317@example.com,CAdemo123
user318@example.com,CAdemo123
user319@example.com,CAdemo123
user320@example.com,CAdemo123
user321@example.com,CAdemo123
user322@example.com,CAdemo123
user323@example.com,CAdemo123
user324@example.com,CAdemo123
user325@example.com,CAdemo123
user326@example.com,CAdemo123
user327@example.com,CAdemo123
user328@example.com,CAdemo123
user329@example.com,CAdemo123
user330@example.com,CAdemo123
user331@example.com,CAdemo123
user332@example.com,CAdemo123
user333@example.com,CAdemo123
user334@example.com,CAdemo123
user335@example.com,CAdemo123
user336@example.com,CAdemo123
user337@example.com,CAdemo123
user338@example.com,CAdemo123
user339@example.com,CAdemo123
user340@example.com,CAdemo123
user341@example.com,CAdemo123
user342@example.com,CAdemo123
user343@example.com,CAdemo123
user344@example.com,CAdemo123
user345@example.com,CAdemo123
user346@example.com,CAdemo123
user347@example.com,CAdemo123
user348@example.com,CAdemo123
user349@example.com,CAdemo123
user350@example.com,CAdemo123
user351@example.com,CAdemo123
user352@example.com,CAdemo123
user353@example.com,CAdemo123
user354@example.com,CAdemo123
user355@example.com,CAdemo123
user356@example.com,CAdemo123
user357@example.com,CAdemo123
user358@example.com,CAdemo123
user359@example.com,CAdemo123
user360@example.com,CAdemo123
user361@example.com,CAdemo123
user362@example.com,CAdemo123
user363@example.com,CAdemo123
user364@example.com,CAdemo123
user365@example.com,CAdemo123
user366@example.com,CAdemo123
user367@example.com,CAdemo123
user368@example.com,CAdemo123
user369@example.com,CAdemo123
user370@example.com,CAdemo123
user371@example.com,CAdemo123
user372@example.com,CAdemo123
user373@example.com,CAdemo123
user374@example.com,CAdemo123
user375@example.com,CAdemo123
user376@example.com,CAdemo123
user377@example.com,CAdemo123
user378@example.com,CAdemo123
user379@example.com,CAdemo123
user380@example.com,CAdemo123
user381@example.com,CAdemo123
user382@example.com,CAdemo123
user383@example.com,CAdemo123
user384@example.com,CAdemo123
user385@example.com,CAdemo123
user386@example.com,CAdemo123
user387@example.com,CAdemo123
user388@example.com,CAdemo123
user389@example.com,CAdemo123
user390@example.com,CAdemo123
user391@example.com,CAdemo123
user392@example.com,CAdemo123
user393@example.com,CAdemo123
user394@example.com,CAdemo123
user395@example.com,CAdemo123
user396@example.com,CAdemo123
user397@example.com,CAdemo123
user398@example.com,CAdemo123
user399@example.com,CAdemo123
user400@example.com,CAdemo123
user401@example.com,CAdemo123
user402@example.com,CAdemo123
user403@example.com,CAdemo123
user404@example.com,CAdemo123
user405@example.com,CAdemo123
user406@example.com,CAdemo123
user407@example.com,CAdemo123
user408@example.com,CAdemo123
user409@example.com,CAdemo123
user410@example.com,CAdemo123
user411@example.com,CAdemo123
user412@example.com,CAdemo123
user413@example.com,CAdemo123
user414@example.com,CAdemo123
user415@example.com,CAdemo123
user416@example.com,CAdemo123
user417@example.com,CAdemo123
user418@example.com,CAdemo123
user419@example.com,CAdemo123
user420@example.com,CAdemo123
user421@example.com,CAdemo123
user422@example.com,CAdemo123
user423@example.com,CAdemo123
user424@example.com,CAdemo123
user425@example.com,CAdemo123
user426@example.com,CAdemo123
user427@example.com,CAdemo123
user428@example.com,CAdemo123
user429@example.com,CAdemo123
user430@example.com,CAdemo123
user431@example.com,CAdemo123
user432@example.com,CAdemo123
user433@example.com,CAdemo123
user434@example.com,CAdemo123
user435@example.com,CAdemo123
user436@example.com,CAdemo123
user437@example.com,CAdemo123
user438@example.com,CAdemo123
user439@example.com,CAdemo123
user440@example.com,CAdemo123
user441@example.com,CAdemo123
user442@example.com,CAdemo123
user443@example.com,CAdemo123
user444@example.com,CAdemo123
user445@example.com,CAdemo123
user446@example.com,CAdemo123
user447@example.com,CAdemo123
user448@example.com,CAdemo123
user449@example.com,CAdemo123
user450@example.com,CAdemo123
user451@example.com,CAdemo123
user452@example.com,CAdemo123
user453@example.com,CAdemo123
user454@example.com,CAdemo123
user455@example.com,CAdemo123
user456@example.com,CAdemo123
user457@example.com,CAdemo123
user458@example.com,CAdemo123
user459@example.com,CAdemo123
user460@example.com,CAdemo123
user461@example.com,CAdemo123
user462@example.com,CAdemo123
user463@example.com,CAdemo123
user464@example.com,CAdemo123
user465@example.com,CAdemo123
user466@example.com,CAdemo123
user467@example.com,CAdemo123
user468@example.com,CAdemo123
user469@example.com,CAdemo123
user470@example.com,CAdemo123
user471@example.com,CAdemo123
user472@example.com,CAdemo123
user473@example.com,CAdemo123
user474@example.com,CAdemo123
user475@example.com,CAdemo123
user476@example.com,CAdemo123
user477@example.com,CAdemo123
user478@example.com,CAdemo123
user479@example.com,CAdemo123
user480@example.com,CAdemo123
user481@example.com,CAdemo123
user482@example.com,CAdemo123
user483@example.com,CAdemo123
user484@example.com,CAdemo123
user485@example.com,CAdemo123
user486@example.com,CAdemo123
user487@example.com,CAdemo123
user488@example.com,CAdemo123
user489@example.com,CAdemo123
user490@example.com,CAdemo123
user491@example.com,CAdemo123
user492@example.com,CAdemo123
user493@example.com,CAdemo123
user494@example.com,CAdemo123
user495@example.com,CAdemo123
user496@example.com,CAdemo123
user497@example.com,CAdemo123
user498@example.com,CAdemo123
user499@example.com,CAdemo123
user500@example.com,CAdemo123
user501@example.com,CAdemo123
user502@example.com,CAdemo123
user503@example.com,CAdemo123
user504@example.com,CAdemo123
user505@example.com,CAdemo123
user506@example.com,CAdemo123
user507@example.com,CAdemo123
user508@example.com,CAdemo123
user509@example.com,CAdemo123
user510@example.com,CAdemo123
user511@example.com,CAdemo123
user512@example.com,CAdemo123
user513@example.com,CAdemo123
user514@example.com,CAdemo123
user515@example.com,CAdemo123
user516@example.com,CAdemo123
user517@example.com,CAdemo123
user518@example.com,CAdemo123
user519@example.com,CAdemo123
user520@example.com,CAdemo123
user521@example.com,CAdemo123
user522@example.com,CAdemo123
user523@example.com,CAdemo123
user524@example.com,CAdemo123
user525@example.com,CAdemo123
user526@example.com,CAdemo123
user527@example.com,CAdemo123
user528@example.com,CAdemo123
user529@example.com,CAdemo123
user530@example.com,CAdemo123
user531@example.com,CAdemo123
user532@example.com,CAdemo123
user533@example.com,CAdemo123
user534@example.com,CAdemo123
user535@example.com,CAdemo123
user536@example.com,CAdemo123
user537@example.com,CAdemo123
user538@example.com,CAdemo123
user539@example.com,CAdemo123
user540@example.com,CAdemo123
user541@example.com,CAdemo123
user542@example.com,CAdemo123
user543@example.com,CAdemo123
user544@example.com,CAdemo123
user545@example.com,CAdemo123
user546@example.com,CAdemo123
user547@example.com,CAdemo123
user548@example.com,CAdemo123
user549@example.com,CAdemo123
user550@example.com,CAdemo123
user551@example.com,CAdemo123
user552@example.com,CAdemo123
user553@example.com,CAdemo123
user554@example.com,CAdemo123
user555@example.com,CAdemo123
user556@example.com,CAdemo123
user557@example.com,CAdemo123
user558@example.com,CAdemo123
user559@example.com,CAdemo123
user560@example.com,CAdemo123
user561@example.com,CAdemo123
user562@example.com,CAdemo123
user563@example.com,CAdemo123
user564@example.com,CAdemo123
user565@example.com,CAdemo123
user566@example.com,CAdemo123
user567@example.com,CAdemo123
user568@example.com,CAdemo123
user569@example.com,CAdemo123
user570@example.com,CAdemo123
user571@example.com,CAdemo123
user572@example.com,CAdemo123
user573@example.com,CAdemo123
user574@example.com,CAdemo123
user575@example.com,CAdemo123
user576@example.com,CAdemo123
user577@example.com,CAdemo123
user578@example.com,CAdemo123
user579@example.com,CAdemo123
user580@example.com,CAdemo123
user581@example.com,CAdemo123
user582@example.com,CAdemo123
user583@example.com,CAdemo123
user584@example.com,CAdemo123
user585@example.com,CAdemo123
user586@example.com,CAdemo123
user587@example.com,CAdemo123
user588@example.com,CAdemo123
user589@example.com,CAdemo123
user590@example.com,CAdemo123
user591@example.com,CAdemo123
user592@example.com,CAdemo123
user593@example.com,CAdemo123
user594@example.com,CAdemo123
user595@example.com,CAdemo123
user596@example.com,CAdemo123
user597@example.com,CAdemo123
user598@example.com,CAdemo123
user599@example.com,CAdemo123
user600@example.com,CAdemo123
user601@example.com,CAdemo123
user602@example.com,CAdemo123
user603@example.com,CAdemo123
user604@example.com,CAdemo123
user605@example.com,CAdemo123
user606@example.com,CAdemo123
user607@example.com,CAdemo123
user608@example.com,CAdemo123
user609@example.com,CAdemo123
user610@example.com,CAdemo123
user611@example.com,CAdemo123
user612@example.com,CAdemo123
user613@example.com,CAdemo123
user614@example.com,CAdemo123
user615@example.com,CAdemo123
user616@example.com,CAdemo123
user617@example.com,CAdemo123
user618@example.com,CAdemo123
user619@example.com,CAdemo123
user620@example.com,CAdemo123
user621@example.com,CAdemo123
user622@example.com,CAdemo123
user623@example.com,CAdemo123
user624@example.com,CAdemo123
user625@example.com,CAdemo123
user626@example.com,CAdemo123
user627@example.com,CAdemo123
user628@example.com,CAdemo123
user629@example.com,CAdemo123
user630@example.com,CAdemo123
user631@example.com,CAdemo123
user632@example.com,CAdemo123
user633@example.com,CAdemo123
user634@example.com,CAdemo123
user635@example.com,CAdemo123
user636@example.com,CAdemo123
user637@example.com,CAdemo123
user638@example.com,CAdemo123
user639@example.com,CAdemo123
user640@example.com,CAdemo123
user641@example.com,CAdemo123
user642@example.com,CAdemo123
user643@example.com,CAdemo123
user644@example.com,CAdemo123
user645@example.com,CAdemo123
user646@example.com,CAdemo123
user647@example.com,CAdemo123
user648@example.com,CAdemo123
user649@example.com,CAdemo123
user650@example.com,CAdemo123
user651@example.com,CAdemo123
user652@example.com,CAdemo123
user653@example.com,CAdemo123
user654@example.com,CAdemo123
user655@example.com,CAdemo123
user656@example.com,CAdemo123
user657@example.com,CAdemo123
user658@example.com,CAdemo123
user659@example.com,CAdemo123
user660@example.com,CAdemo123
user661@example.com,CAdemo123
user662@example.com,CAdemo123
user663@example.com,CAdemo123
user664@example.com,CAdemo123
user665@example.com,CAdemo123
user666@example.com,CAdemo123
user667@example.com,CAdemo123
user668@example.com,CAdemo123
user669@example.com,CAdemo123
user670@example.com,CAdemo123
user671@example.com,CAdemo123
user672@example.com,CAdemo123
user673@example.com,CAdemo123
user674@example.com,CAdemo123
user675@example.com,CAdemo123
user676@example.com,CAdemo123
user677@example.com,CAdemo123
user678@example.com,CAdemo123
user679@example.com,CAdemo123
user680@example.com,CAdemo123
user681@example.com,CAdemo123
user682@example.com,CAdemo123
user683@example.com,CAdemo123
user684@example.com,CAdemo123
user685@example.com,CAdemo123
user686@example.com,CAdemo123
user687@example.com,CAdemo123
user688@example.com,CAdemo123
user689@example.com,CAdemo123
user690@example.com,CAdemo123
user691@example.com,CAdemo123
user692@example.com,CAdemo123
user693@example.com,CAdemo123
user694@example.com,CAdemo123
user695@example.com,CAdemo123
user696@example.com,CAdemo123
user697@example.com,CAdemo123
user698@example.com,CAdemo123
user699@example.com,CAdemo123
user700@example.com,CAdemo123
user701@example.com,CAdemo123
user702@example.com,CAdemo123
user703@example.com,CAdemo123
user704@example.com,CAdemo123
user705@example.com,CAdemo123
user706@example.com,CAdemo123
user707@example.com,CAdemo123
user708@example.com,CAdemo123
user709@example.com,CAdemo123
user710@example.com,CAdemo123
user711@example.com,CAdemo123
user712@example.com,CAdemo123
user713@example.com,CAdemo123
user714@example.com,CAdemo123
user715@example.com,CAdemo123
user716@example.com,CAdemo123
user717@example.com,CAdemo123
user718@example.com,CAdemo123
user719@example.com,CAdemo123
user720@example.com,CAdemo123
user721@example.com,CAdemo123
user722@example.com,CAdemo123
user723@example.com,CAdemo123
user724@example.com,CAdemo123
user725@example.com,CAdemo123
user726@example.com,CAdemo123
user727@example.com,CAdemo123
user728@example.com,CAdemo123
user729@example.com,CAdemo123
user730@example.com,CAdemo123
user731@example.com,CAdemo123
user732@example.com,CAdemo123
user733@example.com,CAdemo123
user734@example.com,CAdemo123
user735@example.com,CAdemo123
user736@example.com,CAdemo123
user737@example.com,CAdemo123
user738@example.com,CAdemo123
user739@example.com,CAdemo123
user740@example.com,CAdemo123
user741@example.com,CAdemo123
user742@example.com,CAdemo123
user743@example.com,CAdemo123
user744@example.com,CAdemo123
user745@example.com,CAdemo123
user746@example.com,CAdemo123
user747@example.com,CAdemo123
user748@example.com,CAdemo123
user749@example.com,CAdemo123
user750@example.com,CAdemo123
user751@example.com,CAdemo123
user752@example.com,CAdemo123
user753@example.com,CAdemo123
user754@example.com,CAdemo123
user755@example.com,CAdemo123
user756@example.com,CAdemo123
user757@example.com,CAdemo123
user758@example.com,CAdemo123
user759@example.com,CAdemo123
user760@example.com,CAdemo123
user761@example.com,CAdemo123
user762@example.com,CAdemo123
user763@example.com,CAdemo123
user764@example.com,CAdemo123
user765@example.com,CAdemo123
user766@example.com,CAdemo123
user767@example.com,CAdemo123
user768@example.com,CAdemo123
user769@example.com,CAdemo123
user770@example.com,CAdemo123
user771@example.com,CAdemo123
user772@example.com,CAdemo123
user773@example.com,CAdemo123
user774@example.com,CAdemo123
user775@example.com,CAdemo123
user776@example.com,CAdemo123
user777@example.com,CAdemo123
user778@example.com,CAdemo123
user779@example.com,CAdemo123
user780@example.com,CAdemo123
user781@example.com,CAdemo123
user782@example.com,CAdemo123
user783@example.com,CAdemo123
user784@example.com,CAdemo123
user785@example.com,CAdemo123
user786@example.com,CAdemo123
user787@example.com,CAdemo123
user788@example.com,CAdemo123
user789@example.com,CAdemo123
user790@example.com,CAdemo123
user791@example.com,CAdemo123
user792@example.com,CAdemo123
user793@example.com,CAdemo123
user794@example.com,CAdemo123
user795@example.com,CAdemo123
user796@example.com,CAdemo123
user797@example.com,CAdemo123
user798@example.com,CAdemo123
user799@example.com,CAdemo123
user800@example.com,CAdemo123
user801@example.com,CAdemo123
user802@example.com,CAdemo123
user803@example.com,CAdemo123
user804@example.com,CAdemo123
user805@example.com,CAdemo123
user806@example.com,CAdemo123
user807@example.com,CAdemo123
user808@example.com,CAdemo123
user809@example.com,CAdemo123
user810@example.com,CAdemo123
user811@example.com,CAdemo123
user812@example.com,CAdemo123
user813@example.com,CAdemo123
user814@example.com,CAdemo123
user815@example.com,CAdemo123
user816@example.com,CAdemo123
user817@example.com,CAdemo123
user818@example.com,CAdemo123
user819@example.com,CAdemo123
user820@example.com,CAdemo123
user821@example.com,CAdemo123
user822@example.com,CAdemo123
user823@example.com,CAdemo123
user824@example.com,CAdemo123
user825@example.com,CAdemo123
user826@example.com,CAdemo123
user827@example.com,CAdemo123
user828@example.com,CAdemo123
user829@example.com,CAdemo123
user830@example.com,CAdemo123
user831@example.com,CAdemo123
user832@example.com,CAdemo123
user833@example.com,CAdemo123
user834@example.com,CAdemo123
user835@example.com,CAdemo123
user836@example.com,CAdemo123
user837@example.com,CAdemo123
user838@example.com,CAdemo123
user839@example.com,CAdemo123
user840@example.com,CAdemo123
user841@example.com,CAdemo123
user842@example.com,CAdemo123
user843@example.com,CAdemo123
user844@example.com,CAdemo123
user845@example.com,CAdemo123
user846@example.com,CAdemo123
user847@example.com,CAdemo123
user848@example.com,CAdemo123
user849@example.com,CAdemo123
user850@example.com,CAdemo123
user851@example.com,CAdemo123
user852@example.com,CAdemo123
user853@example.com,CAdemo123
user854@example.com,CAdemo123
user855@example.com,CAdemo123
user856@example.com,CAdemo123
user857@example.com,CAdemo123
user858@example.com,CAdemo123
user859@example.com,CAdemo123
user860@example.com,CAdemo123
user861@example.com,CAdemo123
user862@example.com,CAdemo123
user863@example.com,CAdemo123
user864@example.com,CAdemo123
user865@example.com,CAdemo123
user866@example.com,CAdemo123
user867@example.com,CAdemo123
user868@example.com,CAdemo123
user869@example.com,CAdemo123
user870@example.com,CAdemo123
user871@example.com,CAdemo123
user872@example.com,CAdemo123
user873@example.com,CAdemo123
user874@example.com,CAdemo123
user875@example.com,CAdemo123
user876@example.com,CAdemo123
user877@example.com,CAdemo123
user878@example.com,CAdemo123
user879@example.com,CAdemo123
user880@example.com,CAdemo123
user881@example.com,CAdemo123
user882@example.com,CAdemo123
user883@example.com,CAdemo123
user884@example.com,CAdemo123
user885@example.com,CAdemo123
user886@example.com,CAdemo123
user887@example.com,CAdemo123
user888@example.com,CAdemo123
user889@example.com,CAdemo123
user890@example.com,CAdemo123
user891@example.com,CAdemo123
user892@example.com,CAdemo123
user893@example.com,CAdemo123
user894@example.com,CAdemo123
user895@example.com,CAdemo123
user896@example.com,CAdemo123
user897@example.com,CAdemo123
user898@example.com,CAdemo123
user899@example.com,CAdemo123
user900@example.com,CAdemo123
user901@example.com,CAdemo123
user902@example.com,CAdemo123
user903@example.com,CAdemo123
user904@example.com,CAdemo123
user905@example.com,CAdemo123
user906@example.com,CAdemo123
user907@example.com,CAdemo123
user908@example.com,CAdemo123
user909@example.com,CAdemo123
user910@example.com,CAdemo123
user911@example.com,CAdemo123
user912@example.com,CAdemo123
user913@example.com,CAdemo123
user914@example.com,CAdemo123
user915@example.com,CAdemo123
user916@example.com,CAdemo123
user917@example.com,CAdemo123
user918@example.com,CAdemo123
user919@example.com,CAdemo123
user920@example.com,CAdemo123
user921@example.com,CAdemo123
user922@example.com,CAdemo123
user923@example.com,CAdemo123
user924@example.com,CAdemo123
user925@example.com,CAdemo123
user926@example.com,CAdemo123
user927@example.com,CAdemo123
user928@example.com,CAdemo123
user929@example.com,CAdemo123
user930@example.com,CAdemo123
user931@example.com,CAdemo123
user932@example.com,CAdemo123
user933@example.com,CAdemo123
user934@example.com,CAdemo123
user935@example.com,CAdemo123
user936@example.com,CAdemo123
user937@example.com,CAdemo123
user938@example.com,CAdemo123
user939@example.com,CAdemo123
user940@example.com,CAdemo123
user941@example.com,CAdemo123
user942@example.com,CAdemo123
user943@example.com,CAdemo123
user944@example.com,CAdemo123
user945@example.com,CAdemo123
user946@example.com,CAdemo123
user947@example.com,CAdemo123
user948@example.com,CAdemo123
user949@example.com,CAdemo123
user950@example.com,CAdemo123
user951@example.com,CAdemo123
user952@example.com,CAdemo123
user953@example.com,CAdemo123
user954@example.com,CAdemo123
user955@example.com,CAdemo123
user956@example.com,CAdemo123
user957@example.com,CAdemo123
user958@example.com,CAdemo123
user959@example.com,CAdemo123
user960@example.com,CAdemo123
user961@example.com,CAdemo123
user962@example.com,CAdemo123
user963@example.com,CAdemo123
user964@example.com,CAdemo123
user965@example.com,CAdemo123
user966@example.com,CAdemo123
user967@example.com,CAdemo123
user968@example.com,CAdemo123
user969@example.com,CAdemo123
user970@example.com,CAdemo123
user971@example.com,CAdemo123
user972@example.com,CAdemo123
user973@example.com,CAdemo123
user974@example.com,CAdemo123
user975@example.com,CAdemo123
user976@example.com,CAdemo123
user977@example.com,CAdemo123
user978@example.com,CAdemo123
user979@example.com,CAdemo123
user980@example.com,CAdemo123
user981@example.com,CAdemo123
user982@example.com,CAdemo123
user983@example.com,CAdemo123
user984@example.com,CAdemo123
user985@example.com,CAdemo123
user986@example.com,CAdemo123
user987@example.com,CAdemo123
user988@example.com,CAdemo123
user989@example.com,CAdemo123
user990@example.com,CAdemo123
user991@example.com,CAdemo123
user992@example.com,CAdemo123
user993@example.com,CAdemo123
user994@example.com,CAdemo123
user995@example.com,CAdemo123
user996@example.com,CAdemo123
user997@example.com,CAdemo123
user998@example.com,CAdemo123
user999@example.com,CAdemo123
user1000@example.com,CAdemo123