user002,222-222-2222,California,user002,Street,user002@example.com
user003,222-222-2222,California,user003,Street,user003@example.com
user004,222-222-2222,California,user004,Street,user004@example.com
user005,222-222-2222,California,user005,Street,user005@example.com
user006,222-222-2222,California,user006,Street,user006@example.com
user007,222-222-2222,California,user007,Street,user007@example.com
user008,222-222-2222,California,user008,Street,user008@example.com
user009,222-222-2222,California,user009,Street,user009@example.com
user010,222-222-2222,California,user010,Street,user010@example.com
user011,222-222-2222,California,user011,Street,user011@example.com
user012,222-222-2222,California,user012,Street,user012@example.com
user013,222-222-2222,California,user013,Street,user013@example.com
user014,222-222-2222,California,user014,Street,user014@example.com
user015,222-222-2222,California,user015,Street,user015@example.com
user016,222-222-2222,California,user016,Street,user016@example.com
user017,222-222-2222,California,user017,Street,user017@example.com
user018,222-222-2222,California,user018,Street,user018@example.com
user019,222-222-2222,California,user019,Street,user019@example.com
user020,222-222-2222,California,user020,Street,user020@example.com
user021,222-222-2222,California,user021,Street,user021@example.com
user022,222-222-2222,California,user022,Street,user022@example.com
user023,222-222-2222,California,user023,Street,user023@example.com
user024,222-222-2222,California,user024,Street,user024@example.com
user025,222-222-2222,California,user025,Street,user025@example.com
user026,222-222-2222,California,user026,Street,user026@example.com
user027,222-222-2222,California,user027,Street,user027@example.com
user028,222-222-2222,California,user028,Street,user028@example.com
user029,222-222-2222,California,user029,Street,user029@example.com
user030,222-222-2222,California,user030,Street,user030@example.com
user031,222-222-2222,California,user031,Street,user031@example.com
user032,222-222-2222,California,user032,Street,user032@example.com
user033,222-222-2222,California,user033,Street,user033@example.com
user034,222-222-2222,California,user034,Street,user034@example.com
user035,222-222-2222,California,user035,Street,user035@example.com
user036,222-222-2222,California,user036,Street,user036@example.com
user037,222-222-2222,California,user037,Street,user037@example.com
user038,222-222-2222,California,user038,Street,user038@example.com
user039,222-222-2222,California,user039,Street,user039@example.com
user040,222-222-2222,California,user040,Street,user040@example.com
user041,222-222-2222,California,user041,Street,user041@example.com
user042,222-222-2222,California,user042,Street,user042@example.com
user043,222-222-2222,California,user043,Street,user043@example.com
user044,222-222-2222,California,user044,Street,user044@example.com
user045,222-222-2222,California,user045,Street,user045@example.com
user046,222-222-2222,California,user046,Street,user046@example.com
user047,222-222-2222,California,user047,Street,user047@example.com
user048,222-222-2222,California,user048,Street,user048@example.com
user049,222-222-2222,California,user049,Street,user049@example.com
user050,222-222-2222,California,user050,Street,user050@example.com
user051,222-222-2222,California,user051,Street,user051@example.com
user052,222-222-2222,California,user052,Street,user052@example.com
user053,222-222-2222,California,user053,Street,user053@example.com
user054,222-222-2222,California,user054,Street,user054@example.com
user055,222-222-2222,California,user055,Street,user055@example.com
user056,222-222-2222,California,user056,Street,user056@example.com
user057,222-222-2222,California,user057,Street,user057@example.com
user058,222-222-2222,California,user058,Street,user058@example.com
user059,222-222-2222,California,user059,Street,user059@example.com
user060,222-222-2222,California,user060,Street,user060@example.com
user061,222-222-2222,California,user061,Street,user061@example.com
user062,222-222-2222,California,user062,Street,user062@example.com
user063,222-222-2222,California,user063,Street,user063@example.com
user064,222-222-2222,California,user064,Street,user064@example.com
user065,222-222-2222,California,user065,Street,user065@example.com
user066,222-222-2222,California,user066,Street,user066@example.com
user067,222-222-2222,California,user067,Street,user067@example.com
user068,222-222-2222,California,user068,Street,user068@example.com
user069,222-222-2222,California,user069,Street,user069@example.com
user070,222-222-2222,California,user070,Street,user070@example.com
user071,222-222-2222,California,user071,Street,user071@example.com
user072,222-222-2222,California,user072,Street,user072@example.com
user073,222-222-2222,California,user073,Street,user073@example.com
user074,222-222-2222,California,user074,Street,user074@example.com
user075,222-222-2222,California,user075,Street,user075@example.com
user076,222-222-2222,California,user076,Street,user076@example.com
user077,222-222-2222,California,user077,Street,user077@example.com
user078,222-222-2222,California,user078,Street,user078@example.com
user079,222-222-2222,California,user079,Street,user079@example.com
user080,222-222-2222,California,user080,Street,user080@example.com
user081,222-222-2222,California,user081,Street,user081@example.com
user082,222-222-2222,California,user082,Street,user082@example.com
user083,222-222-2222,California,user083,Street,user083@example.com
user084,222-222-2222,California,user084,Street,user084@example.com
user085,222-222-2222,California,user085,Street,user085@example.com
user086,222-222-2222,California,user086,Street,user086@example.com
user087,222-222-2222,California,user087,Street,user087@example.com
user088,222-222-2222,California,user088,Street,user088@example.com
user089,222-222-2222,California,user089,Street,user089@example.com
user090,222-222-2222,California,user090,Street,user090@example.com
user091,222-222-2222,California,user091,Street,user091@example.com
user092,222-222-2222,California,user092,Street,user092@example.com
user093,222-222-2222,California,user093,Street,user093@example.com
user094,222-222-2222,California,user094,Street,user094@example.com
user095,222-222-2222,California,user095,Street,user095@example.com
user096,222-222-2222,California,user096,Street,user096@example.com
user097,222-222-2222,California,user097,Street,user097@example.com
user098,222-222-2222,California,user098,Street,user098@example.com
user099,222-222-2222,California,user099,Street,user099@example.com
user100,222-222-2222,California,user100,Street,user100@example.com
user101,222-222-2222,California,user101,Street,user101@example.com
user102,222-222-2222,California,user102,Street,user102@example.com
user103,222-222-2222,California,user103,Street,user103@example.com
user104,222-222-2222,California,user104,Street,user104@example.com
user105,222-222-2222,California,user105,Street,user105@example.com
user106,222-222-2222,California,user106,Street,user106@example.com
user107,222-222-2222,California,user107,Street,user107@example.com
user108,222-222-2222,California,user108,Street,user108@example.com
user109,222-222-2222,California,user109,Street,user109@example.com
user110,222-222-2222,California,user110,Street,user110@example.com
user111,222-222-2222,California,user111,Street,user111@example.com
user112,222-222-2222,California,user112,Street,user112@example.com
user113,222-222-2222,California,user113,Street,user113@example.com
user114,222-222-2222,California,user114,Street,user114@example.com
user115,222-222-2222,California,user115,Street,user115@example.com
user116,222-222-2222,California,user116,Street,user116@example.com
user117,222-222-2222,California,user117,Street,user117@example.com
user118,222-222-2222,California,user118,Street,user118@example.com
user119,222-222-2222,California,user119,Street,user119@example.com
user120,222-222-2222,California,user120,Street,user120@example.com
user121,222-222-2222,California,user121,Street,user121@example.com
user122,222-222-2222,California,user122,Street,user122@example.com
user123,222-222-2222,California,user123,Street,user123@example.com
user124,222-222-2222,California,user124,Street,user124@example.com
user125,222-222-2222,California,user125,Street,user125@example.com
user126,222-222-2222,California,user126,Street,user126@example.com
user127,222-222-2222,California,user127,Street,user127@example.com
user128,222-222-2222,California,user128,Street,user128@example.com
user129,222-222-2222,California,user129,Street,user129@example.com
user130,222-222-2222,California,user130,Street,user130@example.com
user131,222-222-2222,California,user131,Street,user131@example.com
user132,222-222-2222,California,user132,Street,user132@example.com
user133,222-222-2222,California,user133,Street,user133@example.com
user134,222-222-2222,California,user134,Street,user134@example.com
user135,222-222-2222,California,user135,Street,user135@example.com
user136,222-222-2222,California,user136,Street,user136@example.com
user137,222-222-2222,California,user137,Street,user137@example.com
user138,222-222-2222,California,user138,Street,user138@example.com
user139,222-222-2222,California,user139,Street,user139@example.com
user140,222-222-2222,California,user140,Street,user140@example.com
user141,222-222-2222,California,user141,Street,user141@example.com
user142,222-222-2222,California,user142,Street,user142@example.com
user143,222-222-2222,California,user143,Street,user143@example.com
user144,222-222-2222,California,user144,Street,user144@example.com
user145,222-222-2222,California,user145,Street,user145@example.com
user146,222-222-2222,California,user146,Street,user146@example.com
user147,222-222-2222,California,user147,Street,user147@example.com
user148,222-222-2222,California,user148,Street,user148@example.com
user149,222-222-2222,California,user149,Street,user149@example.com
user150,222-222-2222,California,user150,Street,user150@example.com
user151,222-222-2222,California,user151,Street,user151@example.com
user152,222-222-2222,California,user152,Street,user152@example.com
user153,222-222-2222,California,user153,Street,user153@example.com
user154,222-222-2222,California,user154,Street,user154@example.com
user155,222-222-2222,California,user155,Street,user155@example.com
user156,222-222-2222,California,user156,Street,user156@example.com
user157,222-222-2222,California,user157,Street,user157@example.com
user158,222-222-2222,California,user158,Street,user158@example.com
user159,222-222-2222,California,user159,Street,user159@example.com
user160,222-222-2222,California,user160,Street,user160@example.com
user161,222-222-2222,California,user161,Street,user161@example.com
user162,222-222-2222,California,user162,Street,user162@example.com
user163,222-222-2222,California,user163,Street,user163@example.com
user164,222-222-2222,California,user164,Street,user164@example.com
user165,222-222-2222,California,user165,Street,user165@example.com
user166,222-222-2222,California,user166,Street,user166@example.com
user167,222-222-2222,California,user167,Street,user167@example.com
user168,222-222-2222,California,user168,Street,user168@example.com
user169,222-222-2222,California,user169,Street,user169@example.com
user170,222-222-2222,California,user170,Street,user170@example.com
user171,222-222-2222,California,user171,Street,user171@example.com
user172,222-222-2222,California,user172,Street,user172@example.com
user173,222-222-2222,California,user173,Street,user173@example.com
user174,222-222-2222,California,user174,Street,user174@example.com
user175,222-222-2222,California,user175,Street,user175@example.com
user176,222-222-2222,California,user176,Street,user176@example.com
user177,222-222-2222,California,user177,Street,user177@example.com
user178,222-222-2222,California,user178,Street,user178@example.com
user179,222-222-2222,California,user179,Street,user179@example.com
user180,222-222-2222,California,user180,Street,user180@example.com
user181,222-222-2222,California,user181,Street,user181@example.com
user182,222-222-2222,California,user182,Street,user182@example.com
user183,222-222-2222,California,user183,Street,user183@example.com
user184,222-222-2222,California,user184,Street,user184@example.com
user185,222-222-2222,California,user185,Street,user185@example.com
user186,222-222-2222,California,user186,Street,user186@example.com
user187,222-222-2222,California,user187,Street,user187@example.com
user188,222-222-2222,California,user188,Street,user188@example.com
user189,222-222-2222,California,user189,Street,user189@example.com
user190,222-222-2222,California,user190,Street,user190@example.com
user191,222-222-2222,California,user191,Street,user191@example.com
user192,222-222-2222,California,user192,Street,user192@example.com
user193,222-222-2222,California,user193,Street,user193@example.com
user194,222-222-2222,California,user194,Street,user194@example.com
user195,222-222-2222,California,user195,Street,user195@example.com
user196,222-222-2222,California,user196,Street,user196@example.com
user197,222-222-2222,California,user197,Street,user197@example.com
user198,222-222-2222,California,user198,Street,user198@example.com
user199,222-222-2222,California,user199,Street,user199@example.com
user200,222-222-2222,California,user200,Street,user200@example.com
user201,222-222-2222,California,user201,Street,user201@example.com
user202,222-222-2222,California,user202,Street,user202@example.com
user203,222-222-2222,California,user203,Street,user203@example.com
user204,222-222-2222,California,user204,Street,user204@example.com
user205,222-222-2222,California,user205,Street,user205@example.com
user206,222-222-2222,California,user206,Street,user206@example.com
user207,222-222-2222,California,user207,Street,user207@example.com
user208,222-222-2222,California,user208,Street,user208@example.com
user209,222-222-2222,California,user209,Street,user209@example.com
user210,222-222-2222,California,user210,Street,user210@example.com
user211,222-222-2222,California,user211,Street,user211@example.com
user212,222-222-2222,California,user212,Street,user212@example.com
user213,222-222-2222,California,user213,Street,user213@example.com
user214,222-222-2222,California,user214,Street,user214@example.com
user215,222-222-2222,California,user215,Street,user215@example.com
user216,222-222-2222,California,user216,Street,user216@example.com
user217,222-222-2222,California,user217,Street,user217@example.com
user218,222-222-2222,California,user218,Street,user218@example.com
user219,222-222-2222,California,user219,Street,user219@example.com
user220,222-222-2222,California,user220,Street,user220@example.com
user221,222-222-2222,California,user221,Street,user221@example.com
user222,222-222-2222,California,user222,Street,user222@example.com
user223,222-222-2222,California,user223,Street,user223@example.com
user224,222-222-2222,California,user224,Street,user224@example.com
user225,222-222-2222,California,user225,Street,user225@example.com
user226,222-222-2222,California,user226,Street,user226@example.com
user227,222-222-2222,California,user227,Street,user227@example.com
user228,222-222-2222,California,user228,Street,user228@example.com
user229,222-222-2222,California,user229,Street,user229@example.com
user230,222-222-2222,California,user230,Street,user230@example.com
user231,222-222-2222,California,user231,Street,user231@example.com
user232,222-222-2222,California,user232,Street,user232@example.com
user233,222-222-2222,California,user233,Street,user233@example.com
user234,222-222-2222,California,user234,Street,user234@example.com
user235,222-222-2222,California,user235,Street,user235@example.com
user236,222-222-2222,California,user236,Street,user236@example.com
user237,222-222-2222,California,user237,Street,user237@example.com
user238,222-222-2222,California,user238,Street,user238@example.com
user239,222-222-2222,California,user239,Street,user239@example.com
user240,222-222-2222,California,user240,Street,user240@example.com
user241,222-222-2222,California,user241,Street,user241@example.com
user242,222-222-2222,California,user242,Street,user242@example.com
user243,222-222-2222,California,user243,Street,user243@example.com
user244,222-222-2222,California,user244,Street,user244@example.com
user245,222-222-2222,California,user245,Street,user245@example.com
user246,222-222-2222,California,user246,Street,user246@example.com
user247,222-222-2222,California,user247,Street,user247@example.com
user248,222-222-2222,California,user248,Street,user248@example.com
user249,222-222-2222,California,user249,Street,user249@example.com
user250,222-222-2222,California,user250,Street,user250@example.com
user251,222-222-2222,California,user251,Street,user251@example.com
user252,222-222-2222,California,user252,Street,user252@example.com
user253,222-222-2222,California,user253,Street,user253@example.com
user254,222-222-2222,California,user254,Street,user254@example.com
user255,222-222-2222,California,user255,Street,user255@example.com
user256,222-222-2222,California,user256,Street,user256@example.com
user257,222-222-2222,California,user257,Street,user257@example.com
user258,222-222-2222,California,user258,Street,user258@example.com
user259,222-222-2222,California,user259,Street,user259@example.com
user260,222-222-2222,California,user260,Street,user260@example.com
user261,222-222-2222,California,user261,Street,user261@example.com
user262,222-222-2222,California,user262,Street,user262@example.com
user263,222-222-2222,California,user263,Street,user263@example.com
user264,222-222-2222,California,user264,Street,user264@example.com
user265,222-222-2222,California,user265,Street,user265@example.com
user266,222-222-2222,California,user266,Street,user266@example.com
user267,222-222-2222,California,user267,Street,user267@example.com
user268,222-222-2222,California,user268,Street,user268@example.com
user269,222-222-2222,California,user269,Street,user269@example.com
user270,222-222-2222,California,user270,Street,user270@example.com
user271,222-222-2222,California,user271,Street,user271@example.com
user272,222-222-2222,California,user272,Street,user272@example.com
user273,222-222-2222,California,user273,Street,user273@example.com
user274,222-222-2222,California,user274,Street,user274@example.com
user275,222-222-2222,California,user275,Street,user275@example.com
user276,222-222-2222,California,user276,Street,user276@example.com
user277,222-222-2222,California,user277,Street,user277@example.com
user278,222-222-2222,California,user278,Street,user278@example.com
user279,222-222-2222,California,user279,Street,user279@example.com
user280,222-222-2222,California,user280,Street,user280@example.com
user281,222-222-2222,California,user281,Street,user281@example.com
user282,222-222-2222,California,user282,Street,user282@example.com
user283,222-222-2222,California,user283,Street,user283@example.com
user284,222-222-2222,California,user284,Street,user284@example.com
user285,222-222-2222,California,user285,Street,user285@example.com
user286,222-222-2222,California,user286,Street,user286@example.com
user287,222-222-2222,California,user287,Street,user287@example.com
user288,222-222-2222,California,user288,Street,user288@example.com
user289,222-222-2222,California,user289,Street,user289@example.com
user290,222-222-2222,California,user290,Street,user290@example.com
user291,222-222-2222,California,user291,Street,user291@example.com
user292,222-222-2222,California,user292,Street,user292@example.com
user293,222-222-2222,California,user293,Street,user293@example.com
user294,222-222-2222,California,user294,Street,user294@example.com
user295,222-222-2222,California,user295,Street,user295@example.com
user296,222-222-2222,California,user296,Street,user296@example.com
user297,222-222-2222,California,user297,Street,user297@example.com
user298,222-222-2222,California,user298,Street,user298@example.com
user299,222-222-2222,California,user299,Street,user299@example.com
user300,222-222-2222,California,user300,Street,user300@example.com
user301,222-222-2222,California,user301,Street,user301@example.com
user302,222-222-2222,California,user302,Street,user302@example.com
user303,222-222-2222,California,user303,Street,user303@example.com
user304,222-222-2222,California,user304,Street,user304@example.com
user305,222-222-2222,California,user305,Street,user305@example.com
user306,222-222-2222,California,user306,Street,user306@example.com
user307,222-222-2222,California,user307,Street,user307@example.com
user308,222-222-2222,California,user308,Street,user308@example.com
user309,222-222-2222,California,user309,Street,user309@example.com
user310,222-222-2222,California,user310,Street,user310@example.com
user311,222-222-2222,California,user311,Street,user311@example.com
user312,222-222-2222,California,user312,Street,user312@example.com
user313,222-222-2222,California,user313,Street,user313@example.com
user314,222-222-2222,California,user314,Street,user314@example.com
user315,222-222-2222,California,user315,Street,user315@example.com
user316,222-222-2222,California,user316,Street,user316@example.com
user317,222-222-2222,California,user317,Street,user317@example.com
user318,222-222-2222,California,user318,Street,user318@example.com
user319,222-222-2222,California,user319,Street,user319@example.com
user320,222-222-2222,California,user320,Street,user320@example.com
user321,222-222-2222,California,user321,Street,user321@example.com
user322,222-222-2222,California,user322,Street,user322@example.com
user323,222-222-2222,California,user323,Street,user323@example.com
user324,222-222-2222,California,user324,Street,user324@example.com
user325,222-222-2222,California,user325,Street,user325@example.com
user326,222-222-2222,California,user326,Street,user326@example.com
user327,222-222-2222,California,user327,Street,user327@example.com
user328,222-222-2222,California,user328,Street,user328@example.com
user329,222-222-2222,California,user329,Street,user329@example.com
user330,222-222-2222,California,user330,Street,user330@example.com
user331,222-222-2222,California,user331,Street,user331@example.com
user332,222-222-2222,California,user332,Street,user332@example.com
user333,222-222-2222,California,user333,Street,user333@example.com
user334,222-222-2222,California,user334,Street,user334@example.com
user335,222-222-2222,California,user335,Street,user335@example.com
user336,222-222-2222,California,user336,Street,user336@example.com
user337,222-222-2222,California,user337,Street,user337@example.com
user338,222-222-2222,California,user338,Street,user338@example.com
user339,222-222-2222,California,user339,Street,user339@example.com
user340,222-222-2222,California,user340,Street,user340@example.com
user341,222-222-2222,California,user341,Street,user341@example.com
user342,222-222-2222,California,user342,Street,user342@example.com
user343,222-222-2222,California,user343,Street,user343@example.com
user344,222-222-2222,California,user344,Street,user344@example.com
user345,222-222-2222,California,user345,Street,user345@example.com
user346,222-222-2222,California,user346,Street,user346@example.com
user347,222-222-2222,California,user347,Street,user347@example.com
user348,222-222-2222,California,user348,Street,user348@example.com
user349,222-222-2222,California,user349,Street,user349@example.com
user350,222-222-2222,California,user350,Street,user350@example.com
user351,222-222-2222,California,user351,Street,user351@example.com
user352,222-222-2222,California,user352,Street,user352@example.com
user353,222-222-2222,California,user353,Street,user353@example.com
user354,222-222-2222,California,user354,Street,user354@example.com
user355,222-222-2222,California,user355,Street,user355@example.com
user356,222-222-2222,California,user356,Street,user356@example.com
user357,222-222-2222,California,user357,Street,user357@example.com
user358,222-222-2222,California,user358,Street,user358@example.com
user359,222-222-2222,California,user359,Street,user359@example.com
user360,222-222-2222,California,user360,Street,user360@example.com
user361,222-222-2222,California,user361,Street,user361@example.com
user362,222-222-2222,California,user362,Street,user362@example.com
user363,222-222-2222,California,user363,Street,user363@example.com
user364,222-222-2222,California,user364,Street,user364@example.com
user365,222-222-2222,California,user365,Street,user365@example.com
user366,222-222-2222,California,user366,Street,user366@example.com
user367,222-222-2222,California,user367,Street,user367@example.com
user368,222-222-2222,California,user368,Street,user368@example.com
user369,222-222-2222,California,user369,Street,user369@example.com
user370,222-222-2222,California,user370,Street,user370@example.com
user371,222-222-2222,California,user371,Street,user371@example.com
user372,222-222-2222,California,user372,Street,user372@example.com
user373,222-222-2222,California,user373,Street,user373@example.com
user374,222-222-2222,California,user374,Street,user374@example.com
user375,222-222-2222,California,user375,Street,user375@example.com
user376,222-222-2222,California,user376,Street,user376@example.com
user377,222-222-2222,California,user377,Street,user377@example.com
user378,222-222-2222,California,user378,Street,user378@example.com
user379,222-222-2222,California,user379,Street,user379@example.com
user380,222-222-2222,California,user380,Street,user380@example.com
user381,222-222-2222,California,user381,Street,user381@example.com
user382,222-222-2222,California,user382,Street,user382@example.com
user383,222-222-2222,California,user383,Street,user383@example.com
user384,222-222-2222,California,user384,Street,user384@example.com
user385,222-222-2222,California,user385,Street,user385@example.com
user386,222-222-2222,California,user386,Street,user386@example.com
user387,222-222-2222,California,user387,Street,user387@example.com
user388,222-222-2222,California,user388,Street,user388@example.com
user389,222-222-2222,California,user389,Street,user389@example.com
user390,222-222-2222,California,user390,Street,user390@example.com
user391,222-222-2222,California,user391,Street,user391@example.com
user392,222-222-2222,California,user392,Street,user392@example.com
user393,222-222-2222,California,user393,Street,user393@example.com
user394,222-222-2222,California,user394,Street,user394@example.com
user395,222-222-2222,California,user395,Street,user395@example.com
user396,222-222-2222,California,user396,Street,user396@example.com
user397,222-222-2222,California,user397,Street,user397@example.com
user398,222-222-2222,California,user398,Street,user398@example.com
user399,222-222-2222,California,user399,Street,user399@example.com
user400,222-222-2222,California,user400,Street,user400@example.com
user401,222-222-2222,California,user401,Street,user401@example.com
user402,222-222-2222,California,user402,Street,user402@example.com
user403,222-222-2222,California,user403,Street,user403@example.com
user404,222-222-2222,California,user404,Street,user404@example.com
user405,222-222-2222,California,user405,Street,user405@example.com
user406,222-222-2222,California,user406,Street,user406@example.com
user407,222-222-2222,California,user407,Street,user407@example.com
user408,222-222-2222,California,user408,Street,user408@example.com
user409,222-222-2222,California,user409,Street,user409@example.com
user410,222-222-2222,California,user410,Street,user410@example.com
user411,222-222-2222,California,user411,Street,user411@example.com
user412,222-222-2222,California,user412,Street,user412@example.com
user413,222-222-2222,California,user413,Street,user413@example.com
user414,222-222-2222,California,user414,Street,user414@example.com
user415,222-222-2222,California,user415,Street,user415@example.com
user416,222-222-2222,California,user416,Street,user416@example.com
user417,222-222-2222,California,user417,Street,user417@example.com
user418,222-222-2222,California,user418,Street,user418@example.com
user419,222-222-2222,California,user419,Street,user419@example.com
user420,222-222-2222,California,user420,Street,user420@example.com
user421,222-222-2222,California,user421,Street,user421@example.com
user422,222-222-2222,California,user422,Street,user422@example.com
user423,222-222-2222,California,user423,Street,user423@example.com
user424,222-222-2222,California,user424,Street,user424@example.com
user425,222-222-2222,California,user425,Street,user425@example.com
user426,222-222-2222,California,user426,Street,user426@example.com
user427,222-222-2222,California,user427,Street,user427@example.com
user428,222-222-2222,California,user428,Street,user428@example.com
user429,222-222-2222,California,user429,Street,user429@example.com
user430,222-222-2222,California,user430,Street,user430@example.com
user431,222-222-2222,California,user431,Street,user431@example.com
user432,222-222-2222,California,user432,Street,user432@example.com
user433,222-222-2222,California,user433,Street,user433@example.com
user434,222-222-2222,California,user434,Street,user434@example.com
user435,222-222-2222,California,user435,Street,user435@example.com
user436,222-222-2222,California,user436,Street,user436@example.com
user437,222-222-2222,California,user437,Street,user437@example.com
user438,222-222-2222,California,user438,Street,user438@example.com
user439,222-222-2222,California,user439,Street,user439@example.com
user440,222-222-2222,California,user440,Street,user440@example.com
user441,222-222-2222,California,user441,Street,user441@example.com
user442,222-222-2222,California,user442,Street,user442@example.com
user443,222-222-2222,California,user443,Street,user443@example.com
user444,222-222-2222,California,user444,Street,user444@example.com
user445,222-222-2222,California,user445,Street,user445@example.com
user446,222-222-2222,California,user446,Street,user446@example.com
user447,222-222-2222,California,user447,Street,user447@example.com
user448,222-222-2222,California,user448,Street,user448@example.com
user449,222-222-2222,California,user449,Street,user449@example.com
user450,222-222-2222,California,user450,Street,user450@example.com
user451,222-222-2222,California,user451,Street,user451@example.com
user452,222-222-2222,California,user452,Street,user452@example.com
user453,222-222-2222,California,user453,Street,user453@example.com
user454,222-222-2222,California,user454,Street,user454@example.com
user455,222-222-2222,California,user455,Street,user455@example.com
user456,222-222-2222,California,user456,Street,user456@example.com
user457,222-222-2222,California,user457,Street,user457@example.com
user458,222-222-2222,California,user458,Street,user458@example.com
user459,222-222-2222,California,user459,Street,user459@example.com
user460,222-222-2222,California,user460,Street,user460@example.com
user461,222-222-2222,California,user461,Street,user461@example.com
user462,222-222-2222,California,user462,Street,user462@example.com
user463,222-222-2222,California,user463,Street,user463@example.com
user464,222-222-2222,California,user464,Street,user464@example.com
user465,222-222-2222,California,user465,Street,user465@example.com
user466,222-222-2222,California,user466,Street,user466@example.com
user467,222-222-2222,California,user467,Street,user467@example.com
user468,222-222-2222,California,user468,Street,user468@example.com
user469,222-222-2222,California,user469,Street,user469@example.com
user470,222-222-2222,California,user470,Street,user470@example.com
user471,222-222-2222,California,user471,Street,user471@example.com
user472,222-222-2222,California,user472,Street,user472@example.com
user473,222-222-2222,California,user473,Street,user473@example.com
user474,222-222-2222,California,user474,Street,user474@example.com
user475,222-222-2222,California,user475,Street,user475@example.com
user476,222-222-2222,California,user476,Street,user476@example.com
user477,222-222-2222,California,user477,Street,user477@example.com
user478,222-222-2222,California,user478,Street,user478@example.com
user479,222-222-2222,California,user479,Street,user479@example.com
user480,222-222-2222,California,user480,Street,user480@example.com
user481,222-222-2222,California,user481,Street,user481@example.com
user482,222-222-2222,California,user482,Street,user482@example.com
user483,222-222-2222,California,user483,Street,user483@example.com
user484,222-222-2222,California,user484,Street,user484@example.com
user485,222-222-2222,California,user485,Street,user485@example.com
user486,222-222-2222,California,user486,Street,user486@example.com
user487,222-222-2222,California,user487,Street,user487@example.com
user488,222-222-2222,California,user488,Street,user488@example.com
user489,222-222-2222,California,user489,Street,user489@example.com
user490,222-222-2222,California,user490,Street,user490@example.com
user491,222-222-2222,California,user491,Street,user491@example.com
user492,222-222-2222,California,user492,Street,user492@example.com
user493,222-222-2222,California,user493,Street,user493@example.com
user494,222-222-2222,California,user494,Street,user494@example.com
user495,222-222-2222,California,user495,Street,user495@example.com
user496,222-222-2222,California,user496,Street,user496@example.com
user497,222-222-2222,California,user497,Street,user497@example.com
user498,222-222-2222,California,user498,Street,user498@example.com
user499,222-222-2222,California,user499,Street,user499@example.com
user500,222-222-2222,California,user500,Street,user500@example.com
user501,222-222-2222,California,user501,Street,user501@example.com
user502,222-222-2222,California,user502,Street,user502@example.com
user503,222-222-2222,California,user503,Street,user503@example.com
user504,222-222-2222,California,user504,Street,user504@example.com
user505,222-222-2222,California,user505,Street,user505@example.com
user506,222-222-2222,California,user506,Street,user506@example.com
user507,222-222-2222,California,user507,Street,user507@example.com
user508,222-222-2222,California,user508,Street,user508@example.com
user509,222-222-2222,California,user509,Street,user509@example.com
user510,222-222-2222,California,user510,Street,user510@example.com
user511,222-222-2222,California,user511,Street,user511@example.com
user512,222-222-2222,California,user512,Street,user512@example.com
user513,222-222-2222,California,user513,Street,user513@example.com
user514,222-222-2222,California,user514,Street,user514@example.com
user515,222-222-2222,California,user515,Street,user515@example.com
user516,222-222-2222,California,user516,Street,user516@example.com
user517,222-222-2222,California,user517,Street,user517@example.com
user518,222-222-2222,California,user518,Street,user518@example.com
user519,222-222-2222,California,user519,Street,user519@example.com
user520,222-222-2222,California,user520,Street,user520@example.com
user521,222-222-2222,California,user521,Street,user521@example.com
user522,222-222-2222,California,user522,Street,user522@example.com
user523,222-222-2222,California,user523,Street,user523@example.com
user524,222-222-2222,California,user524,Street,user524@example.com
user525,222-222-2222,California,user525,Street,user525@example.com
user526,222-222-2222,California,user526,Street,user526@example.com
user527,222-222-2222,California,user527,Street,user527@example.com
user528,222-222-2222,California,user528,Street,user528@example.com
user529,222-222-2222,California,user529,Street,user529@example.com
user530,222-222-2222,California,user530,Street,user530@example.com
user531,222-222-2222,California,user531,Street,user531@example.com
user532,222-222-2222,California,user532,Street,user532@example.com
user533,222-222-2222,California,user533,Street,user533@example.com
user534,222-222-2222,California,user534,Street,user534@example.com
user535,222-222-2222,California,user535,Street,user535@example.com
user536,222-222-2222,California,user536,Street,user536@example.com
user537,222-222-2222,California,user537,Street,user537@example.com
user538,222-222-2222,California,user538,Street,user538@example.com
user539,222-222-2222,California,user539,Street,user539@example.com
user540,222-222-2222,California,user540,Street,user540@example.com
user541,222-222-2222,California,user541,Street,user541@example.com
user542,222-222-2222,California,user542,Street,user542@example.com
user543,222-222-2222,California,user543,Street,user543@example.com
user544,222-222-2222,California,user544,Street,user544@example.com
user545,222-222-2222,California,user545,Street,user545@example.com
user546,222-222-2222,California,user546,Street,user546@example.com
user547,222-222-2222,California,user547,Street,user547@example.com
user548,222-222-2222,California,user548,Street,user548@example.com
user549,222-222-2222,California,user549,Street,user549@example.com
user550,222-222-2222,California,user550,Street,user550@example.com
user551,222-222-2222,California,user551,Street,user551@example.com
user552,222-222-2222,California,user552,Street,user552@example.com
user553,222-222-2222,California,user553,Street,user553@example.com
user554,222-222-2222,California,user554,Street,user554@example.com
user555,222-222-2222,California,user555,Street,user555@example.com
user556,222-222-2222,California,user556,Street,user556@example.com
user557,222-222-2222,California,user557,Street,user557@example.com
user558,222-222-2222,California,user558,Street,user558@example.com
user559,222-222-2222,California,user559,Street,user559@example.com
user560,222-222-2222,California,user560,Street,user560@example.com
user561,222-222-2222,California,user561,Street,user561@example.com
user562,222-222-2222,California,user562,Street,user562@example.com
user563,222-222-2222,California,user563,Street,user563@example.com
user564,222-222-2222,California,user564,Street,user564@example.com
user565,222-222-2222,California,user565,Street,user565@example.com
user566,222-222-2222,California,user566,Street,user566@example.com
user567,222-222-2222,California,user567,Street,user567@example.com
user568,222-222-2222,California,user568,Street,user568@example.com
user569,222-222-2222,California,user569,Street,user569@example.com
user570,222-222-2222,California,user570,Street,user570@example.com
user571,222-222-2222,California,user571,Street,user571@example.com
user572,222-222-2222,California,user572,Street,user572@example.com
user573,222-222-2222,California,user573,Street,user573@example.com
user574,222-222-2222,California,user574,Street,user574@example.com
user575,222-222-2222,California,user575,Street,user575@example.com
user576,222-222-2222,California,user576,Street,user576@example.com
user577,222-222-2222,California,user577,Street,user577@example.com
user578,222-222-2222,California,user578,Street,user578@example.com
user579,222-222-2222,California,user579,Street,user579@example.com
user580,222-222-2222,California,user580,Street,user580@example.com
user581,222-222-2222,California,user581,Street,user581@example.com
user582,222-222-2222,California,user582,Street,user582@example.com
user583,222-222-2222,California,user583,Street,user583@example.com
user584,222-222-2222,California,user584,Street,user584@example.com
user585,222-222-2222,California,user585,Street,user585@example.com
user586,222-222-2222,California,user586,Street,user586@example.com
user587,222-222-2222,California,user587,Street,user587@example.com
user588,222-222-2222,California,user588,Street,user588@example.com
user589,222-222-2222,California,user589,Street,user589@example.com
user590,222-222-2222,California,user590,Street,user590@example.com
user591,222-222-2222,California,user591,Street,user591@example.com
user592,222-222-2222,California,user592,Street,user592@example.com
user593,222-222-2222,California,user593,Street,user593@example.com
user594,222-222-2222,California,user594,Street,user594@example.com
user595,222-222-2222,California,user595,Street,user595@example.com
user596,222-222-2222,California,user596,Street,user596@example.com
user597,222-222-2222,California,user597,Street,user597@example.com
user598,222-222-2222,California,user598,Street,user598@example.com
user599,222-222-2222,California,user599,Street,user599@example.com
user600,222-222-2222,California,user600,Street,user600@example.com
user601,222-222-2222,California,user601,Street,user601@example.com
user602,222-222-2222,California,user602,Street,user602@example.com
user603,222-222-2222,California,user603,Street,user603@example.com
user604,222-222-2222,California,user604,Street,user604@example.com
user605,222-222-2222,California,user605,Street,user605@example.com
user606,222-222-2222,California,user606,Street,user606@example.com
user607,222-222-2222,California,user607,Street,user607@example.com
user608,222-222-2222,California,user608,Street,user608@example.com
user609,222-222-2222,California,user609,Street,user609@example.com
user610,222-222-2222,California,user610,Street,user610@example.com
user611,222-222-2222,California,user611,Street,user611@example.com
user612,222-222-2222,California,user612,Street,user612@example.com
user613,222-222-2222,California,user613,Street,user613@example.com
user614,222-222-2222,California,user614,Street,user614@example.com
user615,222-222-2222,California,user615,Street,user615@example.com
user616,222-222-2222,California,user616,Street,user616@example.com
user617,222-222-2222,California,user617,Street,user617@example.com
user618,222-222-2222,California,user618,Street,user618@example.com
user619,222-222-2222,California,user619,Street,user619@example.com
user620,222-222-2222,California,user620,Street,user620@example.com
user621,222-222-2222,California,user621,Street,user621@example.com
user622,222-222-2222,California,user622,Street,user622@example.com
user623,222-222-2222,California,user623,Street,user623@example.com
user624,222-222-2222,California,user624,Street,user624@example.com
user625,222-222-2222,California,user625,Street,user625@example.com
user626,222-222-2222,California,user626,Street,user626@example.com
user627,222-222-2222,California,user627,Street,user627@example.com
user628,222-222-2222,California,user628,Street,user628@example.com
user629,222-222-2222,California,user629,Street,user629@example.com
user630,222-222-2222,California,user630,Street,user630@example.com
user631,222-222-2222,California,user631,Street,user631@example.com
user632,222-222-2222,California,user632,Street,user632@example.com
user633,222-222-2222,California,user633,Street,user633@example.com
user634,222-222-2222,California,user634,Street,user634@example.com
user635,222-222-2222,California,user635,Street,user635@example.com
user636,222-222-2222,California,user636,Street,user636@example.com
user637,222-222-2222,California,user637,Street,user637@example.com
user638,222-222-2222,California,user638,Street,user638@example.com
user639,222-222-2222,California,user639,Street,user639@example.com
user640,222-222-2222,California,user640,Street,user640@example.com
user641,222-222-2222,California,user641,Street,user641@example.com
user642,222-222-2222,California,user642,Street,user642@example.com
user643,222-222-2222,California,user643,Street,user643@example.com
user644,222-222-2222,California,user644,Street,user644@example.com
user645,222-222-2222,California,user645,Street,user645@example.com
user646,222-222-2222,California,user646,Street,user646@example.com
user647,222-222-2222,California,user647,Street,user647@example.com
user648,222-222-2222,California,user648,Street,user648@example.com
user649,222-222-2222,California,user649,Street,user649@example.com
user650,222-222-2222,California,user650,Street,user650@example.com
user651,222-222-2222,California,user651,Street,user651@example.com
user652,222-222-2222,California,user652,Street,user652@example.com
user653,222-222-2222,California,user653,Street,user653@example.com
user654,222-222-2222,California,user654,Street,user654@example.com
user655,222-222-2222,California,user655,Street,user655@example.com
user656,222-222-2222,California,user656,Street,user656@example.com
user657,222-222-2222,California,user657,Street,user657@example.com
user658,222-222-2222,California,user658,Street,user658@example.com
user659,222-222-2222,California,user659,Street,user659@example.com
user660,222-222-2222,California,user660,Street,user660@example.com
user661,222-222-2222,California,user661,Street,user661@example.com
user662,222-222-2222,California,user662,Street,user662@example.com
user663,222-222-2222,California,user663,Street,user663@example.com
user664,222-222-2222,California,user664,Street,user664@example.com
user665,222-222-2222,California,user665,Street,user665@example.com
user666,222-222-2222,California,user666,Street,user666@example.com
user667,222-222-2222,California,user667,Street,user667@example.com
user668,222-222-2222,California,user668,Street,user668@example.com
user669,222-222-2222,California,user669,Street,user669@example.com
user670,222-222-2222,California,user670,Street,user670@example.com
user671,222-222-2222,California,user671,Street,user671@example.com
user672,222-222-2222,California,user672,Street,user672@example.com
user673,222-222-2222,California,user673,Street,user673@example.com
user674,222-222-2222,California,user674,Street,user674@example.com
user675,222-222-2222,California,user675,Street,user675@example.com
user676,222-222-2222,California,user676,Street,user676@example.com
user677,222-222-2222,California,user677,Street,user677@example.com
user678,222-222-2222,California,user678,Street,user678@example.com
user679,222-222-2222,California,user679,Street,user679@example.com
user680,222-222-2222,California,user680,Street,user680@example.com
user681,222-222-2222,California,user681,Street,user681@example.com
user682,222-222-2222,California,user682,Street,user682@example.com
user683,222-222-2222,California,user683,Street,user683@example.com
user684,222-222-2222,California,user684,Street,user684@example.com
user685,222-222-2222,California,user685,Street,user685@example.com
user686,222-222-2222,California,user686,Street,user686@example.com
user687,222-222-2222,California,user687,Street,user687@example.com
user688,222-222-2222,California,user688,Street,user688@example.com
user689,222-222-2222,California,user689,Street,user689@example.com
user690,222-222-2222,California,user690,Street,user690@example.com
user691,222-222-2222,California,user691,Street,user691@example.com
user692,222-222-2222,California,user692,Street,user692@example.com
user693,222-222-2222,California,user693,Street,user693@example.com
user694,222-222-2222,California,user694,Street,user694@example.com
user695,222-222-2222,California,user695,Street,user695@example.com
user696,222-222-2222,California,user696,Street,user696@example.com
user697,222-222-2222,California,user697,Street,user697@example.com
user698,222-222-2222,California,user698,Street,user698@example.com
user699,222-222-2222,California,user699,Street,user699@example.com
user700,222-222-2222,California,user700,Street,user700@example.com
user701,222-222-2222,California,user701,Street,user701@example.com
user702,222-222-2222,California,user702,Street,user702@example.com
user703,222-222-2222,California,user703,Street,user703@example.com
user704,222-222-2222,California,user704,Street,user704@example.com
user705,222-222-2222,California,user705,Street,user705@example.com
user706,222-222-2222,California,user706,Street,user706@example.com
user707,222-222-2222,California,user707,Street,user707@example.com
user708,222-222-2222,California,user708,Street,user708@example.com
user709,222-222-2222,California,user709,Street,user709@example.com
user710,222-222-2222,California,user710,Street,user710@example.com
user711,222-222-2222,California,user711,Street,user711@example.com
user712,222-222-2222,California,user712,Street,user712@example.com
user713,222-222-2222,California,user713,Street,user713@example.com
user714,222-222-2222,California,user714,Street,user714@example.com
user715,222-222-2222,California,user715,Street,user715@example.com
user716,222-222-2222,California,user716,Street,user716@example.com
user717,222-222-2222,California,user717,Street,user717@example.com
user718,222-222-2222,California,user718,Street,user718@example.com
user719,222-222-2222,California,user719,Street,user719@example.com
user720,222-222-2222,California,user720,Street,user720@example.com
user721,222-222-2222,California,user721,Street,user721@example.com
user722,222-222-2222,California,user722,Street,user722@example.com
user723,222-222-2222,California,user723,Street,user723@example.com
user724,222-222-2222,California,user724,Street,user724@example.com
user725,222-222-2222,California,user725,Street,user725@example.com
user726,222-222-2222,California,user726,Street,user726@example.com
user727,222-222-2222,California,user727,Street,user727@example.com
user728,222-222-2222,California,user728,Street,user728@example.com
user729,222-222-2222,California,user729,Street,user729@example.com
user730,222-222-2222,California,user730,Street,user730@example.com
user731,222-222-2222,California,user731,Street,user731@example.com
user732,222-222-2222,California,user732,Street,user732@example.com
user733,222-222-2222,California,user733,Street,user733@example.com
user734,222-222-2222,California,user734,Street,user734@example.com
user735,222-222-2222,California,user735,Street,user735@example.com
user736,222-222-2222,California,user736,Street,user736@example.com
user737,222-222-2222,California,user737,Street,user737@example.com
user738,222-222-2222,California,user738,Street,user738@example.com
user739,222-222-2222,California,user739,Street,user739@example.com
user740,222-222-2222,California,user740,Street,user740@example.com
user741,222-222-2222,California,user741,Street,user741@example.com
user742,222-222-2222,California,user742,Street,user742@example.com
user743,222-222-2222,California,user743,Street,user743@example.com
user744,222-222-2222,California,user744,Street,user744@example.com
user745,222-222-2222,California,user745,Street,user745@example.com
user746,222-222-2222,California,user746,Street,user746@example.com
user747,222-222-2222,California,user747,Street,user747@example.com
user748,222-222-2222,California,user748,Street,user748@example.com
user749,222-222-2222,California,user749,Street,user749@example.com
user750,222-222-2222,California,user750,Street,user750@example.com
user751,222-222-2222,California,user751,Street,user751@example.com
user752,222-222-2222,California,user752,Street,user752@example.com
user753,222-222-2222,California,user753,Street,user753@example.com
user754,222-222-2222,California,user754,Street,user754@example.com
user755,222-222-2222,California,user755,Street,user755@example.com
user756,222-222-2222,California,user756,Street,user756@example.com
user757,222-222-2222,California,user757,Street,user757@example.com
user758,222-222-2222,California,user758,Street,user758@example.com
user759,222-222-2222,California,user759,Street,user759@example.com
user760,222-222-2222,California,user760,Street,user760@example.com
user761,222-222-2222,California,user761,Street,user761@example.com
user762,222-222-2222,California,user762,Street,user762@example.com
user763,222-222-2222,California,user763,Street,user763@example.com
user764,222-222-2222,California,user764,Street,user764@example.com
user765,222-222-2222,California,user765,Street,user765@example.com
user766,222-222-2222,California,user766,Street,user766@example.com
user767,222-222-2222,California,user767,Street,user767@example.com
user768,222-222-2222,California,user768,Street,user768@example.com
user769,222-222-2222,California,user769,Street,user769@example.com
user770,222-222-2222,California,user770,Street,user770@example.com
user771,222-222-2222,California,user771,Street,user771@example.com
user772,222-222-2222,California,user772,Street,user772@example.com
user773,222-222-2222,California,user773,Street,user773@example.com
user774,222-222-2222,California,user774,Street,user774@example.com
user775,222-222-2222,California,user775,Street,user775@example.com
user776,222-222-2222,California,user776,Street,user776@example.com
user777,222-222-2222,California,user777,Street,user777@example.com
user778,222-222-2222,California,user778,Street,user778@example.com
user779,222-222-2222,California,user779,Street,user779@example.com
user780,222-222-2222,California,user780,Street,user780@example.com
user781,222-222-2222,California,user781,Street,user781@example.com
user782,222-222-2222,California,user782,Street,user782@example.com
user783,222-222-2222,California,user783,Street,user783@example.com
user784,222-222-2222,California,user784,Street,user784@example.com
user785,222-222-2222,California,user785,Street,user785@example.com
user786,222-222-2222,California,user786,Street,user786@example.com
user787,222-222-2222,California,user787,Street,user787@example.com
user788,222-222-2222,California,user788,Street,user788@example.com
user789,222-222-2222,California,user789,Street,user789@example.com
user790,222-222-2222,California,user790,Street,user790@example.com
user791,222-222-2222,California,user791,Street,user791@example.com
user792,222-222-2222,California,user792,Street,user792@example.com
user793,222-222-2222,California,user793,Street,user793@example.com
user794,222-222-2222,California,user794,Street,user794@example.com
user795,222-222-2222,California,user795,Street,user795@example.com
user796,222-222-2222,California,user796,Street,user796@example.com
user797,222-222-2222,California,user797,Street,user797@example.com
user798,222-222-2222,California,user798,Street,user798@example.com
user799,222-222-2222,California,user799,Street,user799@example.com
user800,222-222-2222,California,user800,Street,user800@example.com
user801,222-222-2222,California,user801,Street,user801@example.com
user802,222-222-2222,California,user802,Street,user802@example.com
user803,222-222-2222,California,user803,Street,user803@example.com
user804,222-222-2222,California,user804,Street,user804@example.com
user805,222-222-2222,California,user805,Street,user805@example.com
user806,222-222-2222,California,user806,Street,user806@example.com
user807,222-222-2222,California,user807,Street,user807@example.com
user808,222-222-2222,California,user808,Street,user808@example.com
user809,222-222-2222,California,user809,Street,user809@example.com
user810,222-222-2222,California,user810,Street,user810@example.com
user811,222-222-2222,California,user811,Street,user811@example.com
user812,222-222-2222,California,user812,Street,user812@example.com
user813,222-222-2222,California,user813,Street,user813@example.com
user814,222-222-2222,California,user814,Street,user814@example.com
user815,222-222-2222,California,user815,Street,user815@example.com
user816,222-222-2222,California,user816,Street,user816@example.com
user817,222-222-2222,California,user817,Street,user817@example.com
user818,222-222-2222,California,user818,Street,user818@example.com
user819,222-222-2222,California,user819,Street,user819@example.com
user820,222-222-2222,California,user820,Street,user820@example.com
user821,222-222-2222,California,user821,Street,user821@example.com
user822,222-222-2222,California,user822,Street,user822@example.com
user823,222-222-2222,California,user823,Street,user823@example.com
user824,222-222-2222,California,user824,Street,user824@example.com
user825,222-222-2222,California,user825,Street,user825@example.com
user826,222-222-2222,California,user826,Street,user826@example.com
user827,222-222-2222,California,user827,Street,user827@example.com
user828,222-222-2222,California,user828,Street,user828@example.com
user829,222-222-2222,California,user829,Street,user829@example.com
user830,222-222-2222,California,user830,Street,user830@example.com
user831,222-222-2222,California,user831,Street,user831@example.com
user832,222-222-2222,California,user832,Street,user832@example.com
user833,222-222-2222,California,user833,Street,user833@example.com
user834,222-222-2222,California,user834,Street,user834@example.com
user835,222-222-2222,California,user835,Street,user835@example.com
user836,222-222-2222,California,user836,Street,user836@example.com
user837,222-222-2222,California,user837,Street,user837@example.com
user838,222-222-2222,California,user838,Street,user838@example.com
user839,222-222-2222,California,user839,Street,user839@example.com
user840,222-222-2222,California,user840,Street,user840@example.com
user841,222-222-2222,California,user841,Street,user841@example.com
user842,222-222-2222,California,user842,Street,user842@example.com
user843,222-222-2222,California,user843,Street,user843@example.com
user844,222-222-2222,California,user844,Street,user844@example.com
user845,222-222-2222,California,user845,Street,user845@example.com
user846,222-222-2222,California,user846,Street,user846@example.com
user847,222-222-2222,California,user847,Street,user847@example.com
user848,222-222-2222,California,user848,Street,user848@example.com
user849,222-222-2222,California,user849,Street,user849@example.com
user850,222-222-2222,California,user850,Street,user850@example.com
user851,222-222-2222,California,user851,Street,user851@example.com
user852,222-222-2222,California,user852,Street,user852@example.com
user853,222-222-2222,California,user853,Street,user853@example.com
user854,222-222-2222,California,user854,Street,user854@example.com
user855,222-222-2222,California,user855,Street,user855@example.com
user856,222-222-2222,California,user856,Street,user856@example.com
user857,222-222-2222,California,user857,Street,user857@example.com
user858,222-222-2222,California,user858,Street,user858@example.com
user859,222-222-2222,California,user859,Street,user859@example.com
user860,222-222-2222,California,user860,Street,user860@example.com
user861,222-222-2222,California,user861,Street,user861@example.com
user862,222-222-2222,California,user862,Street,user862@example.com
user863,222-222-2222,California,user863,Street,user863@example.com
user864,222-222-2222,California,user864,Street,user864@example.com
user865,222-222-2222,California,user865,Street,user865@example.com
user866,222-222-2222,California,user866,Street,user866@example.com
user867,222-222-2222,California,user867,Street,user867@example.com
user868,222-222-2222,California,user868,Street,user868@example.com
user869,222-222-2222,California,user869,Street,user869@example.com
user870,222-222-2222,California,user870,Street,user870@example.com
user871,222-222-2222,California,user871,Street,user871@example.com
user872,222-222-2222,California,user872,Street,user872@example.com
user873,222-222-2222,California,user873,Street,user873@example.com
user874,222-222-2222,California,user874,Street,user874@example.com
user875,222-222-2222,California,user875,Street,user875@example.com
user876,222-222-2222,California,user876,Street,user876@example.com
user877,222-222-2222,California,user877,Street,user877@example.com
user878,222-222-2222,California,user878,Street,user878@example.com
user879,222-222-2222,California,user879,Street,user879@example.com
user880,222-222-2222,California,user880,Street,user880@example.com
user881,222-222-2222,California,user881,Street,user881@example.com
user882,222-222-2222,California,user882,Street,user882@example.com
user883,222-222-2222,California,user883,Street,user883@example.com
user884,222-222-2222,California,user884,Street,user884@example.com
user885,222-222-2222,California,user885,Street,user885@example.com
user886,222-222-2222,California,user886,Street,user886@example.com
user887,222-222-2222,California,user887,Street,user887@example.com
user888,222-222-2222,California,user888,Street,user888@example.com
user889,222-222-2222,California,user889,Street,user889@example.com
user890,222-222-2222,California,user890,Street,user890@example.com
user891,222-222-2222,California,user891,Street,user891@example.com
user892,222-222-2222,California,user892,Street,user892@example.com
user893,222-222-2222,California,user893,Street,user893@example.com
user894,222-222-2222,California,user894,Street,user894@example.com
user895,222-222-2222,California,user895,Street,user895@example.com
user896,222-222-2222,California,user896,Street,user896@example.com
user897,222-222-2222,California,user897,Street,user897@example.com
user898,222-222-2222,California,user898,Street,user898@example.com
user899,222-222-2222,California,user899,Street,user899@example.com
user900,222-222-2222,California,user900,Street,user900@example.com
user901,222-222-2222,California,user901,Street,user901@example.com
user902,222-222-2222,California,user902,Street,user902@example.com
user903,222-222-2222,California,user903,Street,user903@example.com
user904,222-222-2222,California,user904,Street,user904@example.com
user905,222-222-2222,California,user905,Street,user905@example.com
user906,222-222-2222,California,user906,Street,user906@example.com
user907,222-222-2222,California,user907,Street,user907@example.com
user908,222-222-2222,California,user908,Street,user908@example.com
user909,222-222-2222,California,user909,Street,user909@example.com
user910,222-222-2222,California,user910,Street,user910@example.com
user911,222-222-2222,California,user911,Street,user911@example.com
user912,222-222-2222,California,user912,Street,user912@example.com
user913,222-222-2222,California,user913,Street,user913@example.com
user914,222-222-2222,California,user914,Street,user914@example.com
user915,222-222-2222,California,user915,Street,user915@example.com
user916,222-222-2222,California,user916,Street,user916@example.com
user917,222-222-2222,California,user917,Street,user917@example.com
user918,222-222-2222,California,user918,Street,user918@example.com
user919,222-222-2222,California,user919,Street,user919@example.com
user920,222-222-2222,California,user920,Street,user920@example.com
user921,222-222-2222,California,user921,Street,user921@example.com
user922,222-222-2222,California,user922,Street,user922@example.com
user923,222-222-2222,California,user923,Street,user923@example.com
user924,222-222-2222,California,user924,Street,user924@example.com
user925,222-222-2222,California,user925,Street,user925@example.com
user926,222-222-2222,California,user926,Street,user926@example.com
user927,222-222-2222,California,user927,Street,user927@example.com
user928,222-222-2222,California,user928,Street,user928@example.com
user929,222-222-2222,California,user929,Street,user929@example.com
user930,222-222-2222,California,user930,Street,user930@example.com
user931,222-222-2222,California,user931,Street,user931@example.com
user932,222-222-2222,California,user932,Street,user932@example.com
user933,222-222-2222,California,user933,Street,user933@example.com
user934,222-222-2222,California,user934,Street,user934@example.com
user935,222-222-2222,California,user935,Street,user935@example.com
user936,222-222-2222,California,user936,Street,user936@example.com
user937,222-222-2222,California,user937,Street,user937@example.com
user938,222-222-2222,California,user938,Street,user938@example.com
user939,222-222-2222,California,user939,Street,user939@example.com
user940,222-222-2222,California,user940,Street,user940@example.com
user941,222-222-2222,California,user941,Street,user941@example.com
user942,222-222-2222,California,user942,Street,user942@example.com
user943,222-222-2222,California,user943,Street,user943@example.com
user944,222-222-2222,California,user944,Street,user944@example.com
user945,222-222-2222,California,user945,Street,user945@example.com
user946,222-222-2222,California,user946,Street,user946@example.com
user947,222-222-2222,California,user947,Street,user947@example.com
user948,222-222-2222,California,user948,Street,user948@example.com
user949,222-222-2222,California,user949,Street,user949@example.com
user950,222-222-2222,California,user950,Street,user950@example.com
user951,222-222-2222,California,user951,Street,user951@example.com
user952,222-222-2222,California,user952,Street,user952@example.com
user953,222-222-2222,California,user953,Street,user953@example.com
user954,222-222-2222,California,user954,Street,user954@example.com
user955,222-222-2222,California,user955,Street,user955@example.com
user956,222-222-2222,California,user956,Street,user956@example.com
user957,222-222-2222,California,user957,Street,user957@example.com
user958,222-222-2222,California,user958,Street,user958@example.com
user959,222-222-2222,California,user959,Street,user959@example.com
user960,222-222-2222,California,user960,Street,user960@example.com
user961,222-222-2222,California,user961,Street,user961@example.com
user962,222-222-2222,California,user962,Street,user962@example.com
user963,222-222-2222,California,user963,Street,user963@example.com
user964,222-222-2222,California,user964,Street,user964@example.com
user965,222-222-2222,California,user965,Street,user965@example.com
user966,222-222-2222,California,user966,Street,user966@example.com
user967,222-222-2222,California,user967,Street,user967@example.com
user968,222-222-2222,California,user968,Street,user968@example.com
user969,222-222-2222,California,user969,Street,user969@example.com
user970,222-222-2222,California,user970,Street,user970@example.com
user971,222-222-2222,California,user971,Street,user971@example.com
user972,222-222-2222,California,user972,Street,user972@example.com
user973,222-222-2222,California,user973,Street,user973@example.com
user974,222-222-2222,California,user974,Street,user974@example.com
user975,222-222-2222,California,user975,Street,user975@example.com
user976,222-222-2222,California,user976,Street,user976@example.com
user977,222-222-2222,California,user977,Street,user977@example.com
user978,222-222-2222,California,user978,Street,user978@example.com
user979,222-222-2222,California,user979,Street,user979@example.com
user980,222-222-2222,California,user980,Street,user980@example.com
user981,222-222-2222,California,user981,Street,user981@example.com
user982,222-222-2222,California,user982,Street,user982@example.com
user983,222-222-2222,California,user983,Street,user983@example.com
user984,222-222-2222,California,user984,Street,user984@example.com
user985,222-222-2222,California,user985,Street,user985@example.com
user986,222-222-2222,California,user986,Street,user986@example.com
user987,222-222-2222,California,user987,Street,user987@example.com
user988,222-222-2222,California,user988,Street,user988@example.com
user989,222-222-2222,California,user989,Street,user989@example.com
user990,222-222-2222,California,user990,Street,user990@example.com
user991,222-222-2222,California,user991,Street,user991@example.com
user992,222-222-2222,California,user992,Street,user992@example.com
user993,222-222-2222,California,user993,Street,user993@example.com
user994,222-222-2222,California,user994,Street,user994@example.com
user995,222-222-2222,California,user995,Street,user995@example.com
user996,222-222-2222,California,user996,Street,user996@example.com
user997,222-222-2222,California,user997,Street,user997@example.com
user998,222-222-2222,California,user998,Street,user998@example.com
user999,222-222-2222,California,user999,Street,user999@example.com
user1000,222-222-2222,California,user1000,Street,user1000@example.com